date,irp,price_return
2014-01-07,98.7222538235945,-127.35448805230365
2014-01-08,98.7180159995038,-0.4292673563011107
2014-01-09,98.764145115505,4.672816358204379
2014-01-10,98.4624130200486,-30.55077276308382
2014-01-13,97.9915375695469,-47.82286316767581
2014-01-14,97.9449275222169,-4.7565380119607426
2014-01-15,97.9422187432457,-0.2765614350552781
2014-01-16,98.0234625721901,8.295077443301047
2014-01-17,98.0194246087874,-0.41193845807252494
2014-01-20,98.2695939266915,25.522422611901074
2014-01-22,98.2687420990066,-0.08668273174472496
2014-01-23,98.2643428614941,-0.4476741452608124
2014-01-24,98.267980667126,0.3702060712940103
2014-01-27,98.8626175880279,60.51176760375032
2014-01-28,98.8617363913274,-0.0891334583286163
2014-01-29,98.8572179017319,-0.4570514094159872
2014-01-30,99.2915923237461,43.93957580780761
2014-01-31,99.1192493908669,-17.357253403417204
2014-02-03,99.1040735967148,-1.5310642731214408
2014-02-04,99.0994578273787,-0.46574970821944284
2014-02-05,99.3840783070962,28.720689896537532
2014-02-06,99.3384797526657,-4.588114636390195
2014-02-07,99.3333990300183,-0.5114556474039578
2014-02-10,99.3150979716149,-1.8423872113615403
2014-02-11,99.4924282521951,17.855319503472522
2014-02-12,99.4419203333444,-5.076559064642883
2014-02-13,99.461030881704,1.9217798988147017
2014-02-14,99.4831483990325,2.223736988489211
2014-02-17,99.6431889616979,16.087203234005365
2014-02-18,99.5173478349404,-12.62917496607563
2014-02-19,99.5123366613982,-0.503547738280874
2014-02-20,99.6603886655159,14.877753762476686
2014-02-21,99.8822440480626,22.261139607964164
2014-02-24,100.002162174903,12.005950405229449
2014-02-25,99.9819895977859,-2.017214096013964
2014-02-26,99.9933633257324,1.137577676966206
2014-02-28,99.5608798989959,-43.2512131157814
2014-03-03,99.6869700211672,12.664625131799667
2014-03-04,99.7004858492303,1.3558269511282361
2014-03-05,99.598450981375,-10.234139481487547
2014-03-06,99.5046446909577,-9.418448730175166
2014-03-07,99.5345701659511,3.007445038001322
2014-03-10,99.5438261072074,0.9299222612679792
2014-03-11,99.5782314200813,3.456298016599746
2014-03-12,99.5598066232497,-1.850283598014979
2014-03-13,99.5697734476202,1.0010891652512122
2014-03-14,99.600413244079,3.0772186576188965
2014-03-17,99.5831418380975,-1.7340697110523884
2014-03-18,99.5771621991244,-0.6004669929804418
2014-03-19,99.5723105727159,-0.48722280303503673
2014-03-20,99.7448270206155,17.325745170251317
2014-03-21,99.7639716755798,1.9193631926728294
2014-03-24,99.7769036305398,1.2962550250161797
2014-03-25,99.7725156232703,-0.43978186432425126
2014-03-26,99.8646213024222,9.231568290779535
2014-03-27,99.859516452221,-0.511177044945077
2014-03-28,99.7301503073739,-12.954813866837833
2014-03-31,99.8132757259919,8.335033925226387
2014-04-01,99.8085884215535,-0.46960731468925765
2014-04-02,99.4365592851677,-37.27426088970254
2014-04-03,99.2643937518042,-17.314108070629608
2014-04-04,99.3323555620966,6.846544639391716
2014-04-07,99.2660997482943,-6.670114025523199
2014-04-08,99.2128385243328,-5.365499812781671
2014-04-09,99.2087445593056,-0.4126446826935304
2014-04-10,99.0667912986305,-14.308543194015977
2014-04-11,98.9941821503497,-7.329312611118466
2014-04-14,99.0526890121964,5.910131340631786
2014-04-15,99.0482417082652,-0.448983664709246
2014-04-16,99.0443665701218,-0.3912374492032189
2014-04-17,99.039846801162,-0.4563378126709594
2014-04-21,98.8669383015728,-17.458478094816154
2014-04-22,98.8625174122015,-0.44715548465967814
2014-04-23,98.858107628399,-0.44605214574056085
2014-04-24,99.0798189413605,22.42722607991965
2014-04-25,98.9430566609301,-13.803242869402377
2014-04-28,98.8996302472571,-4.389030937443916
2014-04-29,98.9918382618494,9.323393258577894
2014-04-30,98.9860591611921,-0.5837956703058644
2014-05-01,98.6942100484395,-29.483860174425168
2014-05-02,98.690675957223,-0.35808495906453075
2014-05-06,98.7165978097649,2.6265756405541296
2014-05-07,98.6885327187265,-2.842996179069912
2014-05-08,98.6850576514453,-0.35212472872636624
2014-05-09,98.6815938065449,-0.35099993685450137
2014-05-12,98.671269677298,-1.0462061716531856
2014-05-13,98.6678506871977,-0.34650310181238986
2014-05-14,98.9336756329568,26.941394173249922
2014-05-15,98.9340163331929,0.03443723625151662
2014-05-16,98.9487029315885,1.4844841986549895
2014-05-19,98.9601260064236,1.1544441207078648
2014-05-20,98.8387423240251,-12.265918334684045
2014-05-21,98.8353470080176,-0.34352076196730863
2014-05-22,99.0294951654591,19.643595466483088
2014-05-23,99.0261234278888,-0.34047811358184354
2014-05-26,99.0158801642408,-1.0344001454798413
2014-05-27,99.0127310213578,-0.31804422460091075
2014-05-28,99.2643898359738,25.41681377940419
2014-05-29,99.5374882466164,27.512223778727307
2014-05-30,99.5339462629627,-0.35584418655698613
2014-06-02,99.5688996935825,3.511709515409134
2014-06-03,99.5434536163056,-2.5556250350466936
2014-06-04,99.3074041590208,-23.713207519868718
2014-06-05,100.132084754696,83.04321340981025
2014-06-06,100.095736053604,-3.6300753331008906
2014-06-09,100.007467278585,-8.818435080164555
2014-06-10,100.456743518259,44.92426934705529
2014-06-11,100.345440804338,-11.079665737001587
2014-06-12,100.418668010233,7.297512005333129
2014-06-13,101.246753123001,82.46326397036042
2014-06-16,102.20118893114,94.26828798939191
2014-06-17,102.090018283108,-10.877627667023049
2014-06-18,102.401330229852,30.49386727316472
2014-06-20,102.379157888258,-2.165239606186642
2014-06-23,102.450595361696,6.977735987627742
2014-06-24,102.294472439462,-15.238849679967137
2014-06-25,102.282182698227,-1.2014081447331293
2014-06-26,102.269973527664,-1.1936752072472245
2014-06-27,102.251449407995,-1.8112960265892486
2014-06-30,102.468868498632,21.263179338366633
2014-07-01,102.285736827671,-17.87193258247499
2014-07-02,102.958473529217,65.77033342189287
2014-07-03,103.337636904781,36.82682566737982
2014-07-04,104.296396837078,92.77935522954195
2014-07-07,104.129974425517,-15.956678908186639
2014-07-08,104.31217455809,17.497376099264716
2014-07-09,104.414395523222,9.799523935249965
2014-07-10,104.362209745806,-4.9979485256312906
2014-07-11,104.328293660131,-3.2498435743755216
2014-07-14,104.334209638238,0.5670540463609264
2014-07-15,104.328902119741,-0.5087035705153564
2014-07-16,104.323603996965,-0.5078288631765737
2014-07-17,105.555714154573,118.10463887384826
2014-07-18,105.16418672208,-37.09201682058128
2014-07-21,105.122597042169,-3.9547379395332705
2014-07-22,105.601120493341,45.520512681020975
2014-07-23,106.218332207718,58.44745884262981
2014-07-24,106.212149728766,-0.5820538529943686
2014-07-25,106.402074483332,17.88164113531332
2014-07-28,106.609130658514,19.45978743247423
2014-07-29,106.619992425058,1.0188401759680943
2014-07-30,106.61446773506,-0.518166421920041
2014-07-31,106.591098625571,-2.1919266667524973
2014-08-01,106.12866371326,-43.384008446654136
2014-08-04,106.16374277829,3.305333715006853
2014-08-05,106.113451545134,-4.737138295983767
2014-08-06,106.058577428794,-5.171268631919412
2014-08-07,106.331744544585,25.756249274078158
2014-08-08,106.511746989968,16.928382596743674
2014-08-11,106.494973916699,-1.574762760260251
2014-08-12,106.673974438565,16.808353979786972
2014-08-13,106.81780886183,13.48355341797447
2014-08-14,106.811925088473,-0.5508232587514428
2014-08-15,106.776865624851,-3.2823548113158907
2014-08-18,106.798455179492,2.0219318589909108
2014-08-19,106.747076748613,-4.81078408790192
2014-08-20,106.661551449846,-8.011956989548707
2014-08-21,106.495347086498,-15.582406320627795
2014-08-22,106.603414676908,10.147634931150229
2014-08-25,106.636618622737,3.1147169093626026
2014-08-26,106.527813166073,-10.203385860249048
2014-08-27,106.591655528182,5.993022874644094
2014-08-28,106.511614920518,-7.5090875798289325
2014-08-29,106.319525127901,-18.03463338344247
2014-09-01,106.277664826739,-3.9372167164630767
2014-09-02,106.280679795573,0.28368790741861716
2014-09-03,106.21544298778,-6.138162450455287
2014-09-04,106.501572557057,26.938603392157034
2014-09-05,106.516242393728,1.377429113842421
2014-09-08,106.499925080933,-1.5319084139953087
2014-09-09,106.607321136788,10.084143793847034
2014-09-10,106.605176132488,-0.20120609702356518
2014-09-11,106.599913598269,-0.4936471576633128
2014-09-12,106.202717438221,-37.260457972307925
2014-09-15,106.187214384395,-1.4597605598010155
2014-09-16,106.18206337698,-0.48508734736718573
2014-09-17,106.12952548723,-4.947906273348179
2014-09-18,106.158108633628,2.693232280723823
2014-09-19,106.241977923113,7.9004129373139165
2014-09-22,106.161060566315,-7.6163262751527405
2014-09-23,106.124898286276,-3.406360095321581
2014-09-25,106.114690342677,-0.9618801773980667
2014-09-26,105.927100878673,-17.677991934783588
2014-09-29,105.933308946664,0.5860698479898119
2014-09-30,105.928302667972,-0.47258777638226057
2014-10-01,105.921893815237,-0.605017976649247
2014-10-02,105.902268173196,-1.8528409315665684
2014-10-03,105.775177009809,-12.000797110327532
2014-10-06,105.761332909155,-1.3088232083713347
2014-10-07,105.756622344404,-0.4453957435512912
2014-10-08,106.247390173923,46.405399363151915
2014-10-09,105.722332842935,-49.41837443051433
2014-10-10,105.531627539764,-18.03831773692699
2014-10-13,105.517735826169,-1.3163554773920616
2014-10-14,105.513122514276,-0.4372072483238565
2014-10-15,105.565651873428,4.9784669338048815
2014-10-16,105.561027863396,-0.4380222117639221
2014-10-17,105.556412106169,-0.43725959479767873
2014-10-20,105.542617030502,-1.3068913002778348
2014-10-21,105.3816534145,-15.251054079461479
2014-10-22,105.374538554739,-0.6751516540548508
2014-10-23,105.370022974256,-0.4285267147963179
2014-10-24,105.365516024381,-0.4277260028795471
2014-10-27,105.301983846616,-6.029693600162478
2014-10-28,105.2913959118,-1.0054829386141328
2014-10-29,105.28694790133,-0.4224476683478695
2014-10-30,105.240053090253,-4.454000425669902
2014-10-31,105.131040820833,-10.358439227174943
2014-11-03,105.118793373779,-1.1649696377369345
2014-11-04,105.128402276718,0.9140994327094809
2014-11-05,105.185517681038,5.432918515173579
2014-11-06,104.978286305053,-19.701512199938875
2014-11-07,104.974370201774,-0.37303936050503417
2014-11-11,104.958625760982,-1.4998366517204875
2014-11-12,104.743130751734,-20.53142442420497
2014-11-13,104.414733747104,-31.35260539503859
2014-11-14,104.244625305698,-16.29161281184843
2014-11-17,104.004922910962,-22.994220952213816
2014-11-18,104.001288333617,-0.3494620488408984
2014-11-19,103.295300431163,-67.88261124124895
2014-11-20,103.291843654084,-0.3346499854850471
2014-11-21,102.929256551344,-35.10316883821751
2014-11-24,102.92165873477,-0.7381590840693786
2014-11-25,102.918285373891,-0.3277600575501971
2014-11-26,102.008201850654,-88.42777742854469
2014-11-27,101.886972077185,-11.884316287280594
2014-11-28,101.631428480047,-25.081086612762647
2014-12-01,101.603093264161,-2.7880367628174696
2014-12-02,101.600675146859,-0.23799642553279377
2014-12-03,100.372019765245,-120.92984420015273
2014-12-04,100.3449784551,-2.69410839875861
2014-12-05,100.365237879032,2.018977356306184
2014-12-08,100.737143265118,37.05519898575371
2014-12-09,100.689383332081,-4.741045009715172
2014-12-10,101.418443958094,72.40690149114437
2014-12-11,101.416350636385,-0.20640443959663024
2014-12-12,101.413970216653,-0.23471754969195402
2014-12-15,101.4342205207,1.9967962997347044
2014-12-16,101.413084988438,-2.0836688203940135
2014-12-17,101.411044836787,-0.20117242772288435
2014-12-18,101.44970782836,3.8125030301405793
2014-12-19,101.428274400852,-2.1127145623978105
2014-12-22,101.982751145011,54.66688134391884
2014-12-23,102.360889323863,37.078640711931676
2014-12-24,102.358425501336,-0.240699601505856
2014-12-26,102.433726323643,7.356582708084591
2014-12-29,102.459448168316,2.511071850663793
2014-12-30,102.252220560038,-20.225329335912257
2014-12-31,102.249793640009,-0.23734643763262397
2015-01-02,102.244188395206,-0.5481913071381239
2015-01-06,102.392710648589,14.526229384199674
2015-01-07,102.672845007852,27.358818561256104
2015-01-08,102.847941574798,17.05383414013717
2015-01-09,104.197584263253,131.22700053976865
2015-01-12,104.989024592369,75.9557272572109
2015-01-13,105.893402266118,86.14021106114089
2015-01-14,106.245201493852,33.22201574465389
2015-01-15,106.233640739838,-1.0881201081502923
2015-01-16,106.430658256942,18.545680608508253
2015-01-19,106.689855295058,24.353606598039867
2015-01-20,107.076842551346,36.27216994697147
2015-01-22,107.121368082887,4.158278342925037
2015-01-23,107.033687336787,-8.185177959281198
2015-01-27,107.019451732778,-1.3300115471315266
2015-01-28,107.015530952593,-0.36636145313018176
2015-01-29,105.974696748096,-97.26010750328196
2015-01-30,105.854095484995,-11.380194216329409
2015-02-02,105.843372599267,-1.012987327403403
2015-02-03,105.901576460689,5.499055821129861
2015-02-04,105.898055158072,-0.3325071009030456
2015-02-05,105.894163391907,-0.36750119340567267
2015-02-06,105.890293665924,-0.36543335902972096
2015-02-09,105.724578523578,-15.649700894099228
2015-02-10,105.720756506771,-0.36150693248249155
2015-02-11,105.621995596776,-9.341676436894764
2015-02-12,105.597467596159,-2.322243627230769
2015-02-13,105.52825530033,-6.554351861324248
2015-02-16,105.516799707386,-1.0855474594362313
2015-02-17,105.513022355462,-0.35798583111645854
2015-02-18,105.468864105631,-4.1850995114356415
2015-02-19,105.465062280612,-0.36046894514640826
2015-02-20,105.657107205616,18.20934069076019
2015-02-23,105.512487041236,-13.687689186735463
2015-02-24,105.50875447144,-0.3537562141375794
2015-02-25,105.80673447605,28.24220663989241
2015-02-26,105.802889902641,-0.3633581007900233
2015-03-02,105.856881073003,5.102995807739763
2015-03-03,105.710122018124,-13.863912614030527
2015-03-04,105.705797176387,-0.409122764635228
2015-03-05,105.736047590564,2.86175545571421
2015-03-06,105.758610968479,2.1339343042581227
2015-03-09,105.45335763692,-28.863213005887456
2015-03-10,105.344948015739,-10.280338493749985
2015-03-11,105.399191640909,5.149143475005058
2015-03-12,105.368876773521,-2.8761954352818364
2015-03-13,105.446765699791,7.392023969035044
2015-03-16,105.957474147983,48.43282245811098
2015-03-17,105.964277967512,0.6421273802259542
2015-03-18,105.924691695329,-3.7358129496378734
2015-03-19,105.920572218662,-0.38890617485520806
2015-03-20,105.899961829275,-1.9458344073575162
2015-03-23,105.984412952545,7.974613192605062
2015-03-24,106.052180699112,6.3941238790787835
2015-03-25,106.057967228964,0.5456304447348792
2015-03-26,106.086533668055,2.6934741290407516
2015-03-27,106.496915791407,38.68371499780476
2015-03-30,106.485233834473,-1.0969291314399943
2015-03-31,106.640329751463,14.565016331851144
2015-04-01,106.700386654465,5.631725177703828
2015-04-02,106.696530582536,-0.3613924981826777
2015-04-06,106.732855664862,3.4045232893409327
2015-04-07,106.677463113343,-5.189831301144476
2015-04-08,106.887586594424,19.69708267788084
2015-04-09,106.990672454451,9.644324781898916
2015-04-10,106.744236603389,-23.03339584737385
2015-04-13,106.732645071986,-1.085916370929807
2015-04-14,106.933596220231,18.827524428863818
2015-04-15,106.961321800801,2.592784826287442
2015-04-16,106.957412444696,-0.36549250132522637
2015-04-17,107.217681143437,24.333862683483254
2015-04-20,107.258996249373,3.8533855139744055
2015-04-21,107.272202019631,1.2312039754025506
2015-04-22,106.96237087852,-28.882705423936006
2015-04-23,106.828779163726,-12.489599257829997
2015-04-24,106.83247174324,0.34565400287345227
2015-04-27,106.854960071561,2.1050087070006995
2015-04-28,106.894128795981,3.6655972164312267
2015-04-29,107.161539709074,25.01642663680581
2015-04-30,107.807885059325,60.31504885108285
2015-05-01,107.700422930269,-9.967928505124624
2015-05-05,107.862459070337,15.045079272613116
2015-05-06,107.646896388319,-19.98495898164365
2015-05-07,107.633014426013,-1.2895831437553795
2015-05-08,107.676010525284,3.9946943324298267
2015-05-11,107.656247231471,-1.8354407557064079
2015-05-12,107.639829064895,-1.525054699399453
2015-05-13,107.808597967667,15.679038534170964
2015-05-14,108.184781426774,34.89364171304965
2015-05-15,108.502680149502,29.38479132974736
2015-05-18,108.507586844424,0.4522187760924723
2015-05-19,108.524335580577,1.5435543854658285
2015-05-20,108.330136630807,-17.894507138060955
2015-05-21,108.288942865145,-3.8026136533353405
2015-05-22,108.477958464832,17.454746042020464
2015-05-25,108.443191301249,-3.2049979622605917
2015-05-26,108.321302142051,-11.239908908564633
2015-05-27,108.342252758678,1.934117870880936
2015-05-28,108.257316695322,-7.839606542535682
2015-05-29,108.368447004507,10.265385525651816
2015-06-01,108.505724395871,12.667653284565983
2015-06-02,108.584735673686,7.28176123931723
2015-06-03,108.751744074476,15.380467590939695
2015-06-05,108.615842665568,-12.496480867003612
2015-06-08,108.487574077331,-11.809381126097751
2015-06-09,108.60311649466,10.65029044216903
2015-06-10,108.514855732227,-8.126908810884848
2015-06-11,108.36269632834,-14.021988313054345
2015-06-12,108.412569522317,4.602431986917566
2015-06-15,108.521322748765,10.031422272083201
2015-06-16,108.444600748899,-7.069762690196102
2015-06-17,108.458936525344,1.3219446930490264
2015-06-18,108.606869308084,13.639519939920852
2015-06-19,108.171503656857,-40.08638256499219
2015-06-22,108.30479664026,12.322375015312304
2015-06-23,108.0688079124,-21.78931452536115
2015-06-24,108.174484479262,9.778637231536713
2015-06-25,108.147451011941,-2.4990613499231706
2015-06-26,108.145948302975,-0.13895001240826765
2015-06-29,108.04620450748,-9.223072806718857
2015-06-30,107.915781836159,-12.071009057238458
2015-07-01,107.843392171356,-6.707977607288695
2015-07-02,107.937493954005,8.725781038070313
2015-07-03,108.016641672351,7.332736331613354
2015-07-06,107.980104839758,-3.3825188440705922
2015-07-07,108.0810162135,9.345367268513982
2015-07-08,107.976404641294,-9.67899598569355
2015-07-09,107.833612979832,-13.224339330093482
2015-07-10,107.752639557224,-7.509107816237037
2015-07-13,107.695080881451,-5.341741604615313
2015-07-14,107.760694810702,6.092565111979198
2015-07-15,107.679855690432,-7.50172596901022
2015-07-16,107.792783783086,10.487392644604743
2015-07-17,107.578035699587,-19.922306110131682
2015-07-20,107.612154869854,3.1715740155613403
2015-07-21,107.625693624097,1.2581064155225974
2015-07-22,107.737576866827,10.395588540481615
2015-07-23,107.807647597485,6.503833917168578
2015-07-24,107.657688399676,-13.909884980413123
2015-07-27,107.645080910581,-1.1710718744206705
2015-07-28,107.6520012987,0.6428893973109417
2015-07-29,107.717922050608,6.123504543598113
2015-07-30,107.657890261772,-5.573054854121073
2015-07-31,107.707383287758,4.59725022157409
2015-08-03,107.574242904039,-12.361305200712103
2015-08-04,107.488394087668,-7.980424872483516
2015-08-05,107.339824971641,-13.821875123172234
2015-08-06,107.45856169736,11.06175883465177
2015-08-07,107.454356402246,-0.39134109442451326
2015-08-10,107.464089167161,0.9057580577342961
2015-08-11,107.539742803111,7.039899238554526
2015-08-12,107.393376571765,-13.610431597737005
2015-08-13,107.230561202145,-15.160652809086406
2015-08-14,107.171807771063,-5.479168478027541
2015-08-17,107.123630966953,-4.495287064011366
2015-08-18,107.071132833152,-4.900705225086011
2015-08-19,107.15808123162,8.120620018421398
2015-08-20,107.197414847578,3.6706159261079563
2015-08-21,107.136685625244,-5.665176013839313
2015-08-24,107.137428293193,0.06931966811007939
2015-08-25,107.13854854539,0.10456216980703203
2015-08-26,107.494277944459,33.20274578092697
2015-08-27,107.812081360939,29.564682191196567
2015-08-28,107.984989122066,16.037883597490588
2015-08-31,107.860131171257,-11.56252844252803
2015-09-01,107.8224659111,-3.4920465743915052
2015-09-02,107.910172077446,8.134312789536136
2015-09-03,107.998587884068,8.193463592898187
2015-09-04,107.963961067633,-3.2062286288569997
2015-09-07,107.980956346047,1.5741621783726956
2015-09-08,108.0129262474,2.9606981114849162
2015-09-09,107.959000348836,-4.992541211270574
2015-09-10,107.651689227782,-28.465539701276743
2015-09-11,107.247607447075,-37.53603715887843
2015-09-14,107.108492913507,-12.97134144802592
2015-09-15,107.092124900056,-1.5281713901271754
2015-09-16,106.905411972967,-17.434795253455924
2015-09-17,106.732876284281,-16.139097684748638
2015-09-18,107.117474994927,36.03376242027112
2015-09-21,107.12294232593,0.5104051419491107
2015-09-22,107.135888394553,1.2085243685344693
2015-09-23,107.155634718013,1.8431100685223356
2015-09-25,106.966579751815,-17.643026117619698
2015-09-28,107.482928003675,48.271923161236074
2015-09-29,107.351407643601,-12.23639535289811
2015-09-30,107.218060384291,-12.421565980085258
2015-10-01,107.280744997728,5.8464603083030475
2015-10-02,107.320193727559,3.6771491316400784
2015-10-05,107.237734668505,-7.683461629163224
2015-10-06,107.12469195271,-10.541318887837825
2015-10-07,106.951691841807,-16.14941501809519
2015-10-08,107.06441673266,10.539795015092057
2015-10-09,106.982250019753,-7.6745117952847774
2015-10-12,107.02040241144,3.566235677410212
2015-10-13,107.015102831273,-0.4951934442021244
2015-10-14,106.82986186698,-17.309796411172364
2015-10-15,107.138934825543,28.93132623796202
2015-10-16,107.283270602598,13.471832372611292
2015-10-19,107.246182763174,-3.4570011909285103
2015-10-20,107.132051827931,-10.641957811686753
2015-10-21,107.101070354691,-2.8918958156187724
2015-10-22,106.843232204381,-24.074283240691496
2015-10-23,106.859704439062,1.5417199892908684
2015-10-26,106.910452106194,4.748999391153141
2015-10-27,106.927695528503,1.6128846122431817
2015-10-28,107.376228446515,41.94730988964723
2015-10-29,107.147073465072,-21.34131406535178
2015-10-30,106.91435167128,-21.7198460271395
2015-11-02,107.099369181,17.30520803127078
2015-11-03,107.191268762398,8.580777095212877
2015-11-04,106.805581414216,-35.981228008125086
2015-11-05,106.83548536922,2.7998494655467887
2015-11-06,106.925897345541,8.462729027582938
2015-11-10,106.881422131761,-4.159442649920297
2015-11-11,106.970784187243,8.360859511378216
2015-11-12,106.926254763428,-4.162765016011427
2015-11-13,106.489114932331,-40.88236626861752
2015-11-16,105.669681535554,-76.94996782513508
2015-11-17,105.613670853886,-5.300544191491063
2015-11-18,105.548770129224,-6.145106418259383
2015-11-19,105.57480340406,2.4664687996023282
2015-11-20,105.585601145365,1.0227574152965602
2015-11-23,105.572716184024,-1.2203331894911074
2015-11-24,105.537863268546,-3.3013184407648666
2015-11-25,105.66716281186,12.251483904404115
2015-11-26,106.079241310596,38.997782070642195
2015-11-27,105.625786703916,-42.746780715776644
2015-11-30,105.56779265279,-5.490520159491252
2015-12-01,105.496006941583,-6.799963265604614
2015-12-02,105.713197021771,20.587516673333806
2015-12-03,105.753435253899,3.806358454916392
2015-12-04,105.718414962833,-3.3115038752096204
2015-12-07,105.651069347443,-6.370282359385859
2015-12-08,105.200319038845,-42.6640554972213
2015-12-09,105.177988376646,-2.122680083389561
2015-12-10,105.180520616438,0.2407575797080952
2015-12-11,105.126889269868,-5.098980900235528
2015-12-14,105.194832438797,6.462967695597399
2015-12-15,105.256451466042,5.857609714892131
2015-12-16,105.28952929472,3.1425939424400973
2015-12-17,105.557029738305,25.406177174203126
2015-12-18,105.510960927831,-4.364352671558658
2015-12-21,105.562507223724,4.8853972553875025
2015-12-22,106.132377583192,53.9841629812976
2015-12-23,106.023116812346,-10.294763326144096
2015-12-24,105.974558430945,-4.579980560932562
2015-12-28,105.538209204097,-41.17490398719892
2015-12-29,105.889190278791,33.25630379185762
2015-12-30,105.451804435283,-41.305995669287384
2015-12-31,105.578884058909,12.050967198384832
2016-01-05,105.575217275792,-0.34730269690586013
2016-01-06,105.578156331793,0.2783850298238022
2016-01-07,105.616386731188,3.6210519981860756
2016-01-08,105.67887520066,5.916550585189917
2016-01-11,105.59068389598,-8.345216062579652
2016-01-12,105.538029760217,-4.986627022406376
2016-01-13,105.448215191588,-8.510161581853914
2016-01-14,105.793156059488,32.71187352704486
2016-01-15,105.806078181308,1.2214515854624963
2016-01-18,105.906621568505,9.502609767344516
2016-01-19,105.672162124324,-22.13831776602726
2016-01-20,105.875912670549,19.281383301807953
2016-01-22,106.181345125353,28.84815319178502
2016-01-26,106.178924779833,-0.22794451484453582
2016-01-27,106.387652743656,19.658135007094568
2016-01-28,106.024899372081,-34.097318835398795
2016-01-29,106.174779827385,14.136344971007464
2016-02-01,105.782075434813,-36.98659824964534
2016-02-02,105.887582729048,9.97402384112167
2016-02-03,105.878067325738,-0.898632593621107
2016-02-04,105.727296246294,-14.240067206756635
2016-02-05,105.728731232166,0.13572520275673128
2016-02-08,105.728289306473,-0.04179807019832893
2016-02-09,105.837285939919,10.309126739964647
2016-02-10,105.767214487485,-6.620677373924133
2016-02-11,105.818036036254,4.805038027639874
2016-02-12,105.897236990265,7.484636549468515
2016-02-15,105.79994647055,-9.18725761692385
2016-02-16,105.332414003633,-44.19023662239119
2016-02-17,105.355097933029,2.153556396724543
2016-02-18,105.425960618659,6.726080372023713
2016-02-19,105.401659987603,-2.304994985429243
2016-02-22,105.088033600031,-29.755355618582556
2016-02-23,105.357155750093,25.6092098065408
2016-02-24,105.261964008697,-9.03514723022636
2016-02-25,105.405525734863,13.63851867272281
2016-02-26,105.267827699582,-13.063644844139022
2016-02-29,105.072798451696,-18.526956635087632
2016-03-01,105.066465424585,-0.6027275569242541
2016-03-02,104.98171480871,-8.066381174289816
2016-03-03,104.983959881169,0.213853666144459
2016-03-04,104.997157957449,1.2571516920245607
2016-03-07,104.957718012228,-3.7562869308316316
2016-03-08,105.053251473647,9.102090177672828
2016-03-09,105.103357600937,4.769593190798727
2016-03-10,105.088524373243,-1.4112991280756937
2016-03-11,105.157505142925,6.56406302147694
2016-03-14,105.065371591388,-8.761481304808694
2016-03-15,105.155956886035,8.621803099815306
2016-03-16,105.566634135548,39.05411178541929
2016-03-17,105.636959684805,6.661721275180721
2016-03-18,105.704478648874,6.391604252002914
2016-03-21,105.65883991235,-4.317578319041893
2016-03-22,105.804017769556,13.740247131845962
2016-03-23,106.110773987596,28.992870451114428
2016-03-24,106.071324776254,-3.7177385348841074
2016-03-28,106.182457303949,10.477150910428445
2016-03-29,106.377423574535,18.36143893599207
2016-03-30,106.348425479486,-2.725963280045818
2016-03-31,106.384665864564,3.4077030209522796
2016-04-01,106.271860527901,-10.603533483538596
2016-04-04,106.225462105808,-4.366012024491495
2016-04-05,106.166845626092,-5.518119531230381
2016-04-06,106.369003462146,19.04152231912093
2016-04-07,106.975107764307,56.98128989021667
2016-04-08,106.931014753573,-4.1218010110488645
2016-04-11,106.940057124606,0.8456265989664757
2016-04-12,107.268924855767,30.75252996898925
2016-04-13,107.672786943404,37.649495245715144
2016-04-14,107.449148299071,-20.770210438646465
2016-04-15,107.481682314498,3.0278523321980444
2016-04-18,107.321927725851,-14.863424651240242
2016-04-19,107.475645520043,14.323055637304183
2016-04-20,107.426659036671,-4.557914784784067
2016-04-21,107.425068170392,-0.14808859302384292
2016-04-22,107.323739874067,-9.432462836725941
2016-04-25,107.398009019454,6.920104114349623
2016-04-26,107.332268312925,-6.121222090540446
2016-04-27,107.64536905994,29.171166503456636
2016-04-28,107.495217085669,-13.948763015284582
2016-04-29,107.332042169024,-15.179737393798964
2016-05-03,107.25921819429,-6.784923985637681
2016-05-04,107.230039154676,-2.720422552505708
2016-05-05,107.359457474044,12.069222429482718
2016-05-06,107.32431946136,-3.2729312825097168
2016-05-09,107.19918608874,-11.659367909158114
2016-05-10,106.76099185658,-40.876637980932216
2016-05-11,106.668461292006,-8.667076145031372
2016-05-12,106.758605048278,8.450834968476428
2016-05-13,106.975853190316,20.349473650369543
2016-05-16,106.697841966837,-25.988222125641336
2016-05-17,106.50454267253,-18.11651395602687
2016-05-18,106.155242690203,-32.79672148830181
2016-05-19,106.758979882406,56.87304525928249
2016-05-20,106.733365921605,-2.3992324420119004
2016-05-23,106.605698594282,-11.9613324493828
2016-05-24,106.59960330983,-0.5717597213261705
2016-05-25,106.76304017582,15.331845608745898
2016-05-27,106.633647804525,-12.119584744112455
2016-05-30,106.700798920294,6.297366464673715
2016-05-31,106.71017861182,0.8790647887280123
2016-06-01,106.638098642745,-6.754741676255893
2016-06-02,106.579192046104,-5.523972894373452
2016-06-03,106.900192017095,30.118446652527275
2016-06-06,106.861742984795,-3.5967224730382164
2016-06-07,106.775490395686,-8.07141889134888
2016-06-08,106.667042402006,-10.15663737793382
2016-06-09,106.803384194977,12.781998066202505
2016-06-10,106.973538084552,15.931507307331838
2016-06-13,106.968351189547,-0.48487645616712705
2016-06-14,106.631407623836,-31.499369856970993
2016-06-15,106.838111266661,19.38487425338975
2016-06-16,106.871084681456,3.086297052996567
2016-06-17,106.865769411863,-0.4973533869190305
2016-06-20,106.752569087353,-10.592758105144595
2016-06-21,106.792606485428,3.750485671425441
2016-06-22,106.665772008432,-11.876709556040144
2016-06-23,106.691372368223,2.4000538606672173
2016-06-24,106.493287201442,-18.566184161297183
2016-06-27,106.324728937495,-15.828064695586619
2016-06-28,106.707280885038,35.979583617644636
2016-06-29,106.798095319093,8.510612706253973
2016-06-30,106.762622022102,-3.3215289921617597
2016-07-01,106.568499157209,-18.182661798321618
2016-07-04,106.552183459732,-1.5310056542061634
2016-07-05,106.364701884272,-17.595282365177045
2016-07-06,106.543544904211,16.814132580711405
2016-07-07,106.380086462059,-15.341937636762504
2016-07-08,106.402366654406,2.0943950214724616
2016-07-11,106.364013502565,-3.604539358186276
2016-07-12,106.218633064279,-13.66819787055995
2016-07-13,106.245422057075,2.522061527545638
2016-07-14,106.268409133325,2.163582750664972
2016-07-15,106.284879712595,1.549903626518745
2016-07-18,106.236939918131,-4.5104999501
2016-07-19,106.277208594003,3.790458940462482
2016-07-20,106.267291286519,-0.9331546824764558
2016-07-21,106.281590567706,1.345595715660508
2016-07-22,106.278682863319,-0.273584952150685
2016-07-25,106.500780351678,20.897651568059228
2016-07-26,106.299755119165,-18.875470381456427
2016-07-27,106.077388946483,-20.918785036966312
2016-07-28,106.3199181973,22.863425771100232
2016-07-29,106.325203067876,0.4970724832764617
2016-08-01,106.49906633236,16.3520275031126
2016-08-02,106.326484010827,-16.205054886998525
2016-08-03,106.115452547092,-19.84749761061444
2016-08-04,106.129411070106,1.3154090831202225
2016-08-05,106.13469522541,0.4978973548164234
2016-08-08,106.450981395566,29.80045021887312
2016-08-09,106.263565530964,-17.60583717923425
2016-08-10,106.092080705794,-16.137687862546322
2016-08-11,106.031511876088,-5.709081139992911
2016-08-12,106.091482675803,5.655941205957582
2016-08-15,105.958982967751,-12.4891937326288
2016-08-17,105.912474442494,-4.389295173883312
2016-08-18,105.968295109129,5.270452506074275
2016-08-19,105.959907505463,-0.791520110554611
2016-08-22,106.295721872682,31.692587802767402
2016-08-23,106.239864387985,-5.2549137174029426
2016-08-24,106.204799539517,-3.300535883586919
2016-08-25,106.085706731711,-11.213505257988698
2016-08-26,106.033824793172,-4.89056821483036
2016-08-29,106.301968388937,25.288496033037955
2016-08-30,106.160077575452,-13.347900855971151
2016-08-31,106.22566426683,6.178093768949289
2016-09-01,106.324550560222,9.309077431947088
2016-09-02,106.456842907634,12.442314283480638
2016-09-05,106.162367579668,-27.661474821444322
2016-09-06,106.161640090461,-0.06852609107932395
2016-09-07,106.302031434052,13.224300554453006
2016-09-08,106.122492660126,-16.889496042922225
2016-09-09,106.081608054688,-3.8525862343752326
2016-09-12,106.169162592783,8.25350781351819
2016-09-13,106.108793335288,-5.686138613200109
2016-09-14,106.098319963164,-0.9870409223200483
2016-09-15,105.88965449577,-19.66717922267214
2016-09-16,105.820682839882,-6.513540554687891
2016-09-19,105.817273381317,-0.32219207753203527
2016-09-20,105.742606017267,-7.056254774296944
2016-09-21,105.668964895017,-6.964186435689523
2016-09-22,105.494567604755,-16.5041164579649
2016-09-23,105.59219048808,9.253830366957594
2016-09-26,105.644856376661,4.987668911644594
2016-09-27,105.507259278523,-13.024495735733943
2016-09-28,106.729137959965,115.80991581028988
2016-09-29,106.528102332773,-18.836058365562238
2016-09-30,106.302055545793,-21.21945120864721
2016-10-03,106.562222725051,24.474331932926585
2016-10-04,106.624871709749,5.879098905401392
2016-10-05,106.615862296425,-0.8449635792795451
2016-10-06,106.442174168787,-16.291021232383017
2016-10-07,105.854875918829,-55.17533388849416
2016-10-10,105.86677804955,1.1243819066142358
2016-10-11,105.695270125544,-16.20035361100114
2016-10-12,105.931045235136,22.30706343925748
2016-10-13,105.944173021272,1.2392765602253775
2016-10-14,105.952422477239,0.7786606598303436
2016-10-17,106.062171153796,10.358297997441479
2016-10-18,106.082396002249,1.9068861435678208
2016-10-19,106.12003830154,3.548402063826561
2016-10-20,106.084010880454,-3.3949687224610337
2016-10-21,106.097171961507,1.2406281534582675
2016-10-24,106.079748972727,-1.6421727797155672
2016-10-25,105.611776417869,-44.115164241039786
2016-10-26,105.694593488476,7.841651131719196
2016-10-27,105.768215032043,6.965497584796587
2016-10-28,105.642161350713,-11.91791705020484
2016-10-31,105.32165700344,-30.338677586213556
2016-11-01,105.409134342259,8.305731347935108
2016-11-02,105.633507519903,21.28593304973725
2016-11-03,105.567810637221,-6.21932227987676
2016-11-04,105.6400421461,6.842190668063797
2016-11-07,105.493909860523,-13.833039310501283
2016-11-08,105.60166118035,10.21398486125591
2016-11-09,105.419901181008,-17.211850392352403
2016-11-10,105.711917356836,27.70028927712609
2016-11-11,105.762274443775,4.763614945042516
2016-11-14,105.506881839116,-24.147798069033
2016-11-15,105.474594391491,-3.0602219554021204
2016-11-16,105.533263960387,5.562436076145261
2016-11-17,105.619978883095,8.21683320062494
2016-11-18,105.440231698749,-17.018293910563422
2016-11-21,105.389999500858,-4.764044718198468
2016-11-22,105.157865299976,-22.02620760806684
2016-11-23,105.192426011036,3.286555024810678
2016-11-24,105.211484649673,1.8117881067780672
2016-11-25,106.222371575684,96.08142394121666
2016-11-28,105.679837402248,-51.07532108238
2016-11-29,105.613655438436,-6.262496748560276
2016-11-30,105.528689208118,-8.04500421515364
2016-12-01,105.769314662978,22.80189933805188
2016-12-02,105.73914889474,-2.8520340076065853
2016-12-05,105.770853905439,2.9984174291541876
2016-12-06,105.645575403151,-11.844331180307366
2016-12-07,105.920178371318,25.99285082400371
2016-12-08,105.694682987113,-21.289180935335494
2016-12-09,105.646982688825,-4.5130272346627365
2016-12-12,105.627414138156,-1.8522583580682372
2016-12-13,105.688057298148,5.741233039433524
2016-12-14,106.037775533261,33.08966443828609
2016-12-15,105.983433315432,-5.124797984088492
2016-12-16,105.726644008634,-24.229193069612577
2016-12-19,105.690372686862,-3.4306699235653326
2016-12-20,105.914364083567,21.193169350308683
2016-12-21,105.978307500623,6.037275265662334
2016-12-22,105.840493794262,-13.003954263016704
2016-12-23,106.724892214388,83.55955158761307
2016-12-26,106.761727625516,3.4514357769510617
2016-12-27,106.516951167836,-22.927360124650463
2016-12-28,106.391011410909,-11.823447399330611
2016-12-29,106.778622443452,36.432686126643965
2016-12-30,106.561478768686,-20.33587527138114
2017-01-02,106.491423660975,-6.5741493568294285
2017-01-03,106.494244588884,0.2648971919061438
2017-01-04,106.240334684479,-23.842594065549562
2017-01-05,106.256034129529,1.4777292538314946
2017-01-06,106.265907703034,0.9292247340009219
2017-01-10,105.992729194134,-25.707069633603695
2017-01-11,105.817676347608,-16.5155523267424
2017-01-12,105.785417578531,-3.048523667353864
2017-01-13,105.845249756004,5.655994828264177
2017-01-16,105.71154318132,-12.632269751567948
2017-01-17,105.68274184046,-2.724521844373884
2017-01-18,105.554936666409,-12.093287118148943
2017-01-19,105.912526567904,33.8771366634516
2017-01-20,105.877608309166,-3.2968960206614106
2017-01-23,105.845422977307,-3.039862004157179
2017-01-24,105.910468438841,6.145325863353701
2017-01-25,105.924153292071,1.2921152584555173
2017-01-26,106.13650239873,20.04727911994575
2017-01-27,106.098287030895,-3.6005866946176024
2017-01-31,106.015016231513,-7.848458416462867
2017-02-01,106.081055087474,6.229198306848538
2017-02-02,105.962299056807,-11.194838755052006
2017-02-03,106.022049395447,5.638829958565239
2017-02-06,106.015750181543,-0.5941418733101944
2017-02-07,105.939115528636,-7.2286101617702325
2017-02-08,105.759463094838,-16.958083225590002
2017-02-09,105.604427123736,-14.65930012929162
2017-02-10,105.540302595653,-6.072143927059459
2017-02-13,105.615478040361,7.1229135087858
2017-02-14,105.641589159615,2.4722815006361643
2017-02-15,105.451416465279,-18.001688146574992
2017-02-16,105.616373635902,15.642954466839054
2017-02-17,105.540283142195,-7.204422106870112
2017-02-20,105.459170024031,-7.685512654416193
2017-02-21,105.43883162665,-1.928556556661798
2017-02-22,105.783558605212,32.69449909902633
2017-02-23,106.086170493967,28.60670341828575
2017-02-24,105.750268452682,-31.663131935195654
2017-02-28,105.572352666513,-16.82414510830288
2017-03-01,105.388749056438,-17.391258737500248
2017-03-02,105.643280770889,24.151697095740055
2017-03-03,105.614491483872,-2.7251413253093215
2017-03-06,105.423069028814,-18.1246391824208
2017-03-07,105.432505641804,0.8951184097494291
2017-03-08,105.389390324805,-4.089376111905407
2017-03-09,105.305369936873,-7.972376315400487
2017-03-10,105.357138089367,4.916003098893729
2017-03-13,105.303120425604,-5.127100521388206
2017-03-14,105.337480914374,3.2630076517303763
2017-03-15,105.450277339872,10.708099768370616
2017-03-16,105.257320301192,-18.29839081959883
2017-03-17,105.240168584762,-1.629503428446366
2017-03-20,105.358972188854,11.288807846816518
2017-03-21,105.18365092149,-16.64037373577787
2017-03-22,105.122115215764,-5.850310878819931
2017-03-23,105.139664968629,1.669463445346242
2017-03-24,105.223663194003,7.989204207474732
2017-03-27,105.212160378988,-1.0931775862799142
2017-03-28,105.787045065674,54.640517276252076
2017-03-29,106.079894944165,27.68296234280987
2017-03-30,106.042615503039,-3.51427960459616
2017-03-31,106.401058129804,33.801752725981515
2017-04-03,106.515783303082,10.782333869090444
2017-04-04,106.654697258827,13.041631149603994
2017-04-05,106.626773448096,-2.618151047134587
2017-04-06,106.529349100246,-9.136949820340856
2017-04-07,106.438477655606,-8.530179279936378
2017-04-10,106.668939255933,21.652094750235218
2017-04-11,106.709920330286,3.841893867029267
2017-04-12,106.716351183463,0.6026481096710334
2017-04-13,106.487322294221,-21.461461781827616
2017-04-17,106.439651739625,-4.476641309871798
2017-04-18,106.492862134926,4.99911399852726
2017-04-19,106.440547984441,-4.912456049751546
2017-04-20,106.413679283623,-2.52429185369496
2017-04-21,106.524757891427,10.438376771837454
2017-04-24,106.506338009769,-1.7291643766770282
2017-04-25,106.354150314668,-14.289074053699391
2017-04-26,106.485760946228,12.374752764288122
2017-04-27,106.541645303215,5.248059129259186
2017-04-28,106.587630513742,4.316172365850246
2017-05-02,106.703017009073,10.825505246232492
2017-05-03,106.636446007359,-6.238905288716845
2017-05-04,106.67459265972,3.5772621640428603
2017-05-05,106.46574233265,-19.578263376754947
2017-05-08,106.497320177142,2.9660098920225586
2017-05-09,106.388320025251,-10.235013586228359
2017-05-10,106.439220659158,4.784419369994186
2017-05-11,106.477252040162,3.5730608293138566
2017-05-12,106.224698196583,-23.719042212296813
2017-05-15,106.370018409808,13.68045432862175
2017-05-16,106.292909306157,-7.2491388836581905
2017-05-17,106.287596344018,-0.49984163324579
2017-05-18,106.195214409558,-8.691694763797164
2017-05-19,106.323944362543,12.122010742265932
2017-05-22,106.303387216303,-1.9334446594565513
2017-05-23,106.200050330224,-9.720940111600518
2017-05-24,106.266998458426,6.303963886440389
2017-05-25,106.59305804589,30.683052329887328
2017-05-26,106.339241474825,-23.81173555933924
2017-05-29,106.095248243481,-22.944797043880083
2017-05-30,106.153873620637,5.525730711470889
2017-05-31,106.251047381285,9.154047547550448
2017-06-01,106.031544285539,-20.658911244264555
2017-06-02,105.865284331192,-15.680235109966079
2017-06-05,105.876598155978,1.068700174706727
2017-06-06,105.844954840335,-2.9886978042470425
2017-06-07,105.990745034421,13.773938900150107
2017-06-08,105.780570028402,-19.82956209532705
2017-06-09,105.802303334798,2.0545650671155435
2017-06-12,105.753886597088,-4.576151575527154
2017-06-13,105.738295020607,-1.4743265692351848
2017-06-14,105.870106707648,12.465841918041232
2017-06-16,105.869068667117,-0.09804850144012889
2017-06-19,105.849107497002,-1.885458176436039
2017-06-20,106.046470861862,18.64572782208862
2017-06-21,106.022705792201,-2.2410052374088885
2017-06-22,105.954749239399,-6.409622570393569
2017-06-23,105.661793722378,-27.64911616742083
2017-06-26,105.99688830215,31.7138833221442
2017-06-27,105.818934311783,-16.78860513902425
2017-06-28,105.899806226895,7.642480586103062
2017-06-29,105.853067014963,-4.413531393234749
2017-06-30,106.026987754237,16.430392068791377
2017-07-03,106.002043151245,-2.352665441162083
2017-07-04,105.962492399127,-3.7311311124044177
2017-07-05,105.956413983849,-0.5736383828247593
2017-07-06,105.991848017129,3.344208429458817
2017-07-07,105.776741250695,-20.294651943350004
2017-07-10,105.865965853925,8.435181702046712
2017-07-11,105.750198921405,-10.935236039856244
2017-07-12,105.782289061567,3.0345229124195683
2017-07-13,105.804709871326,2.1195239730498194
2017-07-14,105.771136529786,-3.1731424414682685
2017-07-17,105.635395245737,-12.833490165889971
2017-07-18,105.774920305574,13.208173218117736
2017-07-19,105.960895393729,17.582153464898997
2017-07-20,106.098263938395,12.964079262973716
2017-07-21,106.135488116235,3.5084624816872356
2017-07-24,106.157025678498,2.0292517276998545
2017-07-25,106.285084565327,12.063157008264103
2017-07-26,106.414918918354,12.215670106299203
2017-07-27,106.555711355866,13.23051682443177
2017-07-28,106.570947103294,1.4298386481725878
2017-07-31,106.57747329635,0.6123801311130883
2017-08-01,106.943141963336,34.31012724135485
2017-08-02,107.639946655195,65.15655693918987
2017-08-03,107.683038018002,4.00328726890109
2017-08-04,107.544526505653,-12.862890469884647
2017-08-07,107.970326241973,39.59287842488335
2017-08-08,107.736765058644,-21.631979031494495
2017-08-09,107.925190933127,17.489468370470718
2017-08-10,107.985314612105,5.570866121076268
2017-08-11,107.935158301835,-4.644734374313897
2017-08-14,107.843511381866,-8.490923755605229
2017-08-15,107.935905856885,8.567457961550229
2017-08-17,107.805894115812,-12.045272612561941
2017-08-18,107.751701667074,-5.02685397514302
2017-08-21,107.786992712038,3.2752192696716698
2017-08-22,107.827111710505,3.7220630669398957
2017-08-23,107.840530860036,1.2445060725574386
2017-08-24,107.635554820788,-19.007328470408424
2017-08-25,107.619440013251,-1.4971639774463696
2017-08-28,107.528930405081,-8.410154165349182
2017-08-29,107.386484370636,-13.247228807017342
2017-08-30,107.473064060352,8.062438231721814
2017-08-31,107.604673438794,12.245801270547307
2017-09-01,107.647101614163,3.942967718140178
2017-09-04,107.487579096309,-14.819025822522258
2017-09-05,107.467539635253,-1.8643513254723576
2017-09-06,107.71447271309,22.977457069837115
2017-09-08,107.498929493244,-20.010609012599545
2017-09-11,107.546087487278,4.386833827676462
2017-09-12,107.451089871519,-8.833200535559582
2017-09-13,107.325633833292,-11.67564129661347
2017-09-14,107.249225660797,-7.119284533059211
2017-09-15,107.251894723329,0.24886543614321965
2017-09-18,107.232884777465,-1.7724578118682999
2017-09-19,107.24241094165,0.888362203885773
2017-09-20,107.238257872446,-0.3872599625021067
2017-09-22,107.288103915258,4.648158577071904
2017-09-25,107.31902453783,2.882017804735071
2017-09-26,107.567354836765,23.13944801533907
2017-09-27,107.522687368461,-4.152511547000914
2017-09-28,107.425573084898,-9.031980686105001
2017-09-29,107.438353803,1.1897277096117875
2017-10-02,107.376872142048,-5.72250586273193
2017-10-03,107.607536597697,21.481763348802918
2017-10-04,108.12428123386,48.02123090085209
2017-10-05,108.179956345956,5.14917754464328
2017-10-06,108.438212046187,23.87278650816782
2017-10-09,108.610007685798,15.84272152493904
2017-10-10,108.320950928163,-26.614191803688847
2017-10-11,108.545585724499,20.737889984456803
2017-10-12,108.57158281578,2.395039015863354
2017-10-13,108.651366747774,7.348509612259413
2017-10-16,109.110439847283,42.25193969024765
2017-10-17,109.813205966483,64.40869637988955
2017-10-18,110.057584320294,22.254004120925153
2017-10-19,109.821310856925,-21.468167307887587
2017-10-20,109.900978564964,7.25430314183706
2017-10-23,110.045388128208,13.1399706471802
2017-10-24,109.641480355949,-36.70374371240626
2017-10-25,109.68177445284,3.675077786271519
2017-10-26,109.662507725868,-1.756602413492958
2017-10-27,109.660383312717,-0.19372283153518133
2017-10-30,109.992281131798,30.265972911522887
2017-10-31,110.160350924975,15.280144338094548
2017-11-01,112.266379202894,191.1784285575946
2017-11-02,112.898514285404,56.30671328301862
2017-11-03,113.00713660756,9.621235748187296
2017-11-07,113.001442285046,-0.5038905227527923
2017-11-08,113.902782154652,79.76357216152863
2017-11-09,114.867373677943,84.6855103136379
2017-11-10,115.701312377498,72.60013638800133
2017-11-13,117.226695967682,131.8380542830089
2017-11-14,118.464994814446,105.63283700373071
2017-11-15,118.051561642145,-34.89918460289232
2017-11-16,117.340439222931,-60.23828988977464
2017-11-17,116.533041795771,-68.80811359722739
2017-11-20,116.702048661214,14.502913752065805
2017-11-21,117.688556271952,84.53215877999077
2017-11-22,117.928988562849,20.4295386495712
2017-11-23,117.355189710967,-48.65630231164042
2017-11-24,117.193258622166,-13.798374762957755
2017-11-27,117.54983991317,30.426774986573868
2017-11-28,117.186559440375,-30.904378352478723
2017-11-29,116.854010926932,-28.377700909650862
2017-11-30,116.678122118357,-15.052012950158566
2017-12-01,116.20267826509,-40.74832921845517
2017-12-04,115.296094524649,-78.0174565660896
2017-12-05,115.301957660175,0.5085285455819211
2017-12-06,115.355276707515,4.624296796169602
2017-12-07,115.507145769124,13.165332869344848
2017-12-08,115.422514054693,-7.326967857049782
2017-12-11,115.260487683857,-14.03767472602624
2017-12-12,114.507009603324,-65.37175884590019
2017-12-13,114.548008402751,3.580461979491023
2017-12-14,115.090068263873,47.32163122523447
2017-12-15,114.831934350733,-22.428860894249112
2017-12-18,114.992598740006,13.991263857167091
2017-12-19,114.75784296023,-20.414859943010953
2017-12-20,114.558239816355,-17.39342067837324
2017-12-21,114.856902417942,26.07080922906846
2017-12-22,114.310972911385,-47.53127544485536
2017-12-26,113.277575641665,-90.40228102345837
2017-12-27,113.86168215519,51.5641785425136
2017-12-28,114.551676365403,60.59933395965223
2017-12-29,114.059895477907,-42.93092018376798
2018-01-02,113.527380387903,-46.68732053214608
2018-01-03,113.55975229348,2.8514623931608085
2018-01-04,113.874794125031,27.74238453222555
2018-01-05,114.273372493064,35.001456739880425
2018-01-08,113.755567584033,-45.312822903028625
2018-01-09,114.50278898772,65.68657864899797
2018-01-10,115.242800410233,64.62824434716241
2018-01-11,114.860223754931,-33.19744521480983
2018-01-12,114.696135660654,-14.285893663859017
2018-01-15,114.911132991162,18.744949798841226
2018-01-16,114.531508184477,-33.03638183727586
2018-01-17,115.049110870416,45.19303850476497
2018-01-18,114.905179353628,-12.510441471391687
2018-01-19,114.940725219624,3.09349554092897
2018-01-22,114.68607395373,-22.155007757904688
2018-01-23,114.7449680813,5.1352466380327755
2018-01-24,114.685482936222,-5.184117968105584
2018-01-25,114.752075685722,5.806554395122454
2018-01-26,114.819545909253,5.879651686282461
2018-01-30,115.055432473112,20.544112240736823
2018-01-31,114.947872731486,-9.348514825767706
2018-02-01,115.030064652064,7.150364650070351
2018-02-02,114.925385865618,-9.100124107782603
2018-02-05,115.049925024797,10.836523039794432
2018-02-06,115.533918061968,42.06808801193729
2018-02-07,115.608876244473,6.487980652123415
2018-02-08,115.692455225514,7.2294605532063905
2018-02-09,115.327213691777,-31.570039120100148
2018-02-12,115.258120288894,-5.991075364714105
2018-02-13,115.622801124239,31.640359432456577
2018-02-14,115.533481160071,-7.725116784882413
2018-02-15,115.426220390142,-9.283955512462416
2018-02-16,115.184348168543,-20.95470342713068
2018-02-19,115.146684005211,-3.26990289313267
2018-02-20,115.056608734996,-7.822654294666886
2018-02-21,114.685465797672,-32.25742018686195
2018-02-22,114.501827773401,-16.012318822942184
2018-02-23,114.682994786146,15.82219395689588
2018-02-26,114.507217039393,-15.327272110462475
2018-02-28,114.500001143404,-0.6301695365196203
2018-03-01,114.639575795212,12.189925800365486
2018-03-02,114.423477348022,-18.8502483275077
2018-03-05,114.184517325569,-20.883828038733565
2018-03-06,112.749472435411,-125.67771216007606
2018-03-07,112.870300801815,10.716534968553404
2018-03-08,113.008397447058,12.234985134440546
2018-03-09,111.822685349375,-104.92247695473078
2018-03-12,111.914154619413,8.179849173912679
2018-03-13,111.424321908115,-43.7686111255331
2018-03-14,111.520495689442,8.631309545352739
2018-03-15,111.425184580536,-8.546510515109462
2018-03-16,111.302623782106,-10.999380336804698
2018-03-19,111.136847590803,-14.894185390231796
2018-03-20,110.659180807462,-42.98005510285252
2018-03-21,110.265068765984,-35.61494298098267
2018-03-22,110.578251150014,28.40268341868679
2018-03-23,110.618830803252,3.669768043532695
2018-03-26,111.867382808072,112.86975244212184
2018-03-27,112.427186829135,50.04175542601574
2018-03-28,111.195556112506,-109.54918924555245
2018-03-29,111.162612613227,-2.9626632961543553
2018-04-02,111.316758240755,13.86667908430006
2018-04-03,110.796833918836,-46.70674300400468
2018-04-04,111.248628472715,40.77684694582251
2018-04-05,111.663106155616,37.25688025022933
2018-04-06,112.069741679653,36.41628269504649
2018-04-09,112.268018517025,17.692272186971003
2018-04-10,112.728391923652,41.00663864101017
2018-04-11,112.911250858392,16.221196064238885
2018-04-12,112.963499709021,4.6274264284362765
2018-04-13,112.720658847093,-21.497285632395837
2018-04-16,112.711937872515,-0.7736802345914562
2018-04-17,112.757494874616,4.041896800011102
2018-04-18,112.656031144996,-8.998402255461224
2018-04-19,112.311381476167,-30.593095223230282
2018-04-20,112.31586347003,0.39906853642746043
2018-04-23,112.051993620644,-23.493551243223276
2018-04-24,112.171370697023,10.653721769837698
2018-04-25,111.991674527887,-16.019789008494545
2018-04-26,112.076560205285,7.579641768538092
2018-04-27,112.142084909376,5.846423549311641
2018-05-01,112.174621303515,2.901354488396013
2018-05-02,112.287305117642,10.04539287207562
2018-05-03,112.325653193072,3.4151746174537756
2018-05-04,112.332387103756,0.599498911653118
2018-05-07,112.375579515554,3.8450542102430596
2018-05-08,112.437566948831,5.516094648341241
2018-05-09,112.382821970635,-4.868922343447268
2018-05-10,112.123986560226,-23.03158132802907
2018-05-11,111.980214699232,-12.822578415616626
2018-05-14,111.764931317413,-19.225126724147223
2018-05-15,111.804239781574,3.5170660150418698
2018-05-16,111.998480885194,17.373321798841435
2018-05-17,111.789120409399,-18.693153169604404
2018-05-18,111.511553228029,-24.829534426381585
2018-05-21,111.299901338588,-18.98026557016874
2018-05-22,111.261390092303,-3.4601330119643503
2018-05-23,110.99825265885,-23.65038161348698
2018-05-24,110.847416226533,-13.589081693078375
2018-05-25,110.999595692175,13.728733679367888
2018-05-28,110.826692818037,-15.576892245400265
2018-05-29,110.755062325937,-6.463288787079691
2018-05-30,110.816362680033,5.534767694463927
2018-06-01,110.829607903319,1.1952407537729748
2018-06-04,110.687558379877,-12.81692916985766
2018-06-05,110.649607666633,-3.4286340578359997
2018-06-06,111.075808689919,38.518078127314226
2018-06-07,111.076664446397,0.07704256112184282
2018-06-08,110.899175423705,-15.978965840989234
2018-06-11,110.706706442427,-17.355312205220574
2018-06-12,110.984950996541,25.133486764752355
2018-06-13,110.783246674043,-18.17402455800421
2018-06-14,110.72213023129,-5.5167585883109105
2018-06-15,110.284444735482,-39.530082639640526
2018-06-18,110.375755276203,8.27954848392265
2018-06-19,110.469916001564,8.530924669587492
2018-06-20,110.529808436336,5.421605894146975
2018-06-21,110.468200626144,-5.573863834884563
2018-06-22,110.39155854259,-6.937931741404224
2018-06-25,110.319844590762,-6.496325695078964
2018-06-26,110.426534869246,9.670996082324912
2018-06-27,110.342013075697,-7.654119876991938
2018-06-28,110.288038598159,-4.891561793508581
2018-06-29,110.529622541013,21.904818140272564
2018-07-02,110.28936005746,-21.737383882212136
2018-07-03,110.299726407907,0.9399229845552526
2018-07-04,110.347896152884,4.367168128673882
2018-07-05,110.098946827957,-22.560405191784927
2018-07-06,109.970087657473,-11.703942153538094
2018-07-09,109.843365032832,-11.523372158773748
2018-07-10,109.535773616355,-28.002730650600327
2018-07-11,109.433973319796,-9.29379445618883
2018-07-12,109.226110552985,-18.994354358637942
2018-07-13,109.381143750265,14.193785395735237
2018-07-16,109.48984608938,9.937941347841761
2018-07-17,109.688140978029,18.110801661657128
2018-07-18,109.533227492159,-14.12308427225728
2018-07-19,109.400898086297,-12.08121123532746
2018-07-20,109.100613414452,-27.44809933901471
2018-07-23,108.858231491324,-22.21636666764004
2018-07-24,108.994959216292,12.56016408634153
2018-07-25,108.97218537496,-2.089439869122911
2018-07-26,108.680028909579,-26.810186872524568
2018-07-27,108.769247384508,8.20927964633178
2018-07-30,108.471264673394,-27.39586034466224
2018-07-31,108.368175353203,-9.503836845767832
2018-08-01,108.131789882407,-21.81318177827962
2018-08-02,108.03500856888,-8.950310878258483
2018-08-03,107.903254891238,-12.195461396015128
2018-08-06,107.92465913273,1.9836511432003157
2018-08-07,108.036264030171,10.341000688613988
2018-08-08,108.092352654648,5.19164791382698
2018-08-09,107.895628230897,-18.199661578236494
2018-08-10,107.695956098293,-18.506044765475018
2018-08-13,107.607113248588,-8.249413712795306
2018-08-14,107.583498695369,-2.194516004202507
2018-08-15,107.712057128308,11.949642324147192
2018-08-17,107.840017214204,11.879829362424488
2018-08-20,107.708135395794,-12.229395155606282
2018-08-21,107.547867047009,-14.879874040717445
2018-08-22,107.674138172491,11.740923269709658
2018-08-23,107.743380073069,6.43069002020491
2018-08-24,106.928052852718,-75.67306871179235
2018-08-27,107.180314349952,23.59170400133115
2018-08-28,107.146103766497,-3.1918719087997705
2018-08-29,107.452362973232,28.583326501765427
2018-08-30,107.238306858535,-19.921024421801768
2018-08-31,107.620112745662,35.6034982565201
2018-09-03,107.65045731325,2.819600055588012
2018-09-04,107.379861047051,-25.136564484031787
2018-09-05,106.984516906656,-36.81734512785084
2018-09-06,107.598752284197,57.413483305899234
2018-09-07,107.045800794828,-51.3901395351235
2018-09-10,106.868028690154,-16.60710680419175
2018-09-11,106.488939558675,-35.472641923443014
2018-09-12,106.611340801684,11.49426818562338
2018-09-13,106.384617112387,-21.266376315324244
2018-09-14,106.555171699077,16.03188424411206
2018-09-17,106.4439469197,-10.438233790388551
2018-09-18,106.442246748168,-0.1597245856799212
2018-09-19,106.257207442121,-17.384009798739886
2018-09-20,106.542008994802,26.80303383995275
2018-09-21,106.537523744854,-0.42098417237679264
2018-09-25,106.442832110387,-8.888101688356853
2018-09-26,106.743149713139,28.213980856930387
2018-09-27,106.427643710154,-29.557494212312243
2018-09-28,106.065750166542,-34.003716609340984
2018-10-01,106.253632879928,17.713796686582572
2018-10-02,106.478287340811,21.14322633437471
2018-10-03,106.285642130175,-18.092440763944893
2018-10-04,106.378457740886,8.73265747384
2018-10-05,106.148561366448,-21.611177612480546
2018-10-08,106.046193051544,-9.64387209644979
2018-10-09,106.034995746154,-1.0558894258994034
2018-10-10,106.014655925351,-1.9182177223542318
2018-10-11,105.892117339096,-11.558645848105398
2018-10-12,106.12221718911,21.72964860804205
2018-10-15,105.994484954219,-12.036333038856206
2018-10-16,106.366337527728,35.08225674851096
2018-10-17,106.031915774483,-31.44056296549902
2018-10-18,106.149387583301,11.078910341284498
2018-10-19,106.484983088267,31.615397187536587
2018-10-22,106.356395871395,-12.075619786258152
2018-10-23,106.247177257594,-10.269115731700307
2018-10-24,106.329646491621,7.762016474759381
2018-10-25,106.270321737968,-5.5793238866519435
2018-10-26,105.999302549519,-25.502810569940635
2018-10-29,106.123871637163,11.75187804521638
2018-10-30,106.369059866732,23.103965751201105
2018-10-31,106.761441724887,36.888721085492904
2018-11-01,106.61353687215,-13.853770644850494
2018-11-02,106.368776780609,-22.95769362144928
2018-11-06,106.376855525014,0.7595033664498096
2018-11-07,106.368802062312,-0.7570690694180815
2018-11-08,106.514437608794,13.691565915792125
2018-11-09,106.449958246684,-6.053579548230825
2018-11-12,106.393911673735,-5.265062933995646
2018-11-13,106.275329361049,-11.145591962973267
2018-11-14,106.45561050837,16.96359337626907
2018-11-15,106.458638342749,0.2844222455289369
2018-11-16,106.435579701106,-2.1659718743316514
2018-11-19,106.49155813648,5.259372432715459
2018-11-20,106.628596602999,12.86848168221777
2018-11-21,106.611105539396,-1.640372673019641
2018-11-22,106.564790870938,-4.344263031854645
2018-11-23,106.484153985978,-7.566935035574485
2018-11-26,106.551908778487,6.362899076788331
2018-11-27,106.241969139056,-29.088135818885476
2018-11-28,106.107421722285,-12.664243505774442
2018-11-29,106.253704537538,13.786294387199138
2018-11-30,106.511212011453,24.235152556399964
2018-12-03,106.402011402692,-10.252498934033571
2018-12-04,106.535861919654,12.579697996066841
2018-12-05,106.587392675097,4.836939835515253
2018-12-06,106.502559631303,-7.959012943734578
2018-12-07,106.37949037282,-11.555521192077034
2018-12-10,106.344970559829,-3.2449688252900177
2018-12-11,106.085214048362,-24.425838861918958
2018-12-12,105.940552399054,-13.636363050750777
2018-12-13,106.046147748165,9.96741537775403
2018-12-14,106.158308070862,10.576557949408816
2018-12-17,106.215080940801,5.3479441195602995
2018-12-18,106.13881961738,-7.179895994572361
2018-12-19,106.13566531583,-0.2971864169365457
2018-12-20,106.271281280897,12.777605403748726
2018-12-21,106.445300224169,16.374973668760173
2018-12-24,106.476623265704,2.9426420395295416
2018-12-26,106.361236923312,-10.83677701762431
2018-12-27,106.439387598669,7.347665147345861
2018-12-28,106.575066238102,12.747033076192515
2018-12-31,106.437398787682,-12.917416360073153
2019-01-02,106.523425590452,8.082384927652342
2019-01-03,106.636108331763,10.578212321505909
2019-01-04,106.521803281982,-10.719169291640851
2019-01-08,106.479719500828,-3.950719933139002
2019-01-09,106.71350368283,21.955747357145228
2019-01-10,106.589406924637,-11.62896483671183
2019-01-11,106.620985983769,2.9626826945694518
2019-01-14,106.764745525192,13.483231288526909
2019-01-15,107.01238269886,23.194657791749673
2019-01-16,107.147115509512,12.590394424836227
2019-01-17,107.314899496068,15.659216373500318
2019-01-18,107.38732407772,6.748790894097745
2019-01-22,107.608438153338,20.590332938921208
2019-01-23,107.602209434624,-0.5788318110444557
2019-01-24,107.799469927564,18.332383133810026
2019-01-25,107.895484676343,8.906792291605292
2019-01-28,107.86803563233,-2.544040104675016
2019-01-29,107.916205445868,4.465624432263837
2019-01-30,107.800841215521,-10.690167419281638
2019-01-31,107.969730544443,15.666791373578626
2019-02-01,108.251602307414,26.106554267539828
2019-02-04,108.225454062359,-2.415506514235055
2019-02-05,108.253797639076,2.6189381197383454
2019-02-06,108.351645703681,9.038765081594846
2019-02-07,108.622216294781,24.971525752359724
2019-02-08,108.765318436503,13.174297726870066
2019-02-11,108.763826634048,-0.1371579172881887
2019-02-12,108.996124734333,21.35802936270359
2019-02-13,108.928278638036,-6.224633808069591
2019-02-14,108.953712495622,2.334917792148339
2019-02-15,109.018061445688,5.906081453497247
2019-02-18,108.969173274824,-4.484410217509005
2019-02-19,109.021267421537,4.780631544447633
2019-02-20,108.885995226715,-12.407872153876731
2019-02-21,108.939829683772,4.944112137186263
2019-02-22,108.999616788814,5.488085048006575
2019-02-25,108.934946994351,-5.933029525075906
2019-02-26,108.897947207088,-3.3965029849347683
2019-02-28,109.022957202171,11.479554784010748
2019-03-01,109.012116828737,-0.9943202525586337
2019-03-04,108.913259099054,-9.068508396944397
2019-03-05,108.997465905201,7.731547732898747
2019-03-06,109.007374722351,0.9090869285555137
2019-03-07,108.782195277305,-20.65726705367976
2019-03-08,108.719961104061,-5.720988906809943
2019-03-11,108.694918972405,-2.3033609837319613
2019-03-12,108.688276972809,-0.611068084763744
2019-03-13,108.706709642247,1.6959206596500742
2019-03-14,108.747104414324,3.715941013202606
2019-03-15,108.6994672717,-4.380543544635351
2019-03-18,108.702528177393,0.2815934401367848
2019-03-19,108.670752699839,-2.923159018174415
2019-03-20,108.697281537057,2.4412122451455964
2019-03-21,108.758912554105,5.66996857478852
2019-03-22,108.807655978955,4.481786706516111
2019-03-25,108.933158400207,11.534337370182612
2019-03-26,108.992199452589,5.419933952992562
2019-03-27,108.926309556165,-6.045377261395535
2019-03-28,109.092012721886,15.212409783842418
2019-03-29,109.035666181285,-5.16504730228462
2019-04-01,108.999866164544,-3.2833308581314835
2019-04-02,109.007347381969,0.6863510652110882
2019-04-03,109.205457036465,18.173972604049737
2019-04-04,109.362515496105,14.381924118274103
2019-04-05,109.634859412391,24.90285771596934
2019-04-08,109.99252539895,32.623381694105724
2019-04-09,110.011846629093,1.7565948297781908
2019-04-10,110.307284105059,26.855060161117272
2019-04-11,110.296210347318,-1.003900860295781
2019-04-12,110.441217541372,13.147069477490447
2019-04-15,110.490516873804,4.4638526747076135
2019-04-16,110.496434972937,0.5356205492068611
2019-04-17,110.692977193028,17.7872001154733
2019-04-18,110.58398736177,-9.846137850998415
2019-04-22,110.654828296899,6.406075311540249
2019-04-23,110.719549577134,5.848934134293771
2019-04-24,110.446565522631,-24.65545204488273
2019-04-25,110.351571748545,-8.600880764060292
2019-04-26,110.781203560135,38.93300338023265
2019-04-30,110.830075237833,4.41154962461443
2019-05-01,110.722632306682,-9.69438403072731
2019-05-02,110.58452359621,-12.473394787929637
2019-05-03,110.651042845863,6.015240423324908
2019-05-06,110.615161268248,-3.242769041498228
2019-05-07,111.014957475057,36.14298458052056
2019-05-08,111.429764134458,37.36493431474752
2019-05-09,111.242570616497,-16.79923846335307
2019-05-10,111.412074381245,15.237311022986422
2019-05-13,111.52495273764,10.131608896244426
2019-05-14,111.504097683808,-1.8699899278207255
2019-05-15,111.443912514691,-5.397574651262449
2019-05-16,111.479904624519,3.2296164963918628
2019-05-17,111.562250383748,7.386601155279227
2019-05-20,111.820828518455,23.17792387815487
2019-05-21,111.584626924856,-21.12321977296272
2019-05-22,111.429257410419,-13.92391754301725
2019-05-23,111.410424107881,-1.6901577714578675
2019-05-24,111.332344199436,-7.0083126484998814
2019-05-27,111.447195203729,10.316050121721432
2019-05-28,111.416043714762,-2.795179269433623
2019-05-29,111.35341305272,-5.621332435958859
2019-05-30,111.401731775588,4.339222439919688
2019-05-31,111.618472520799,19.455778806707347
2019-06-03,111.487738187698,-11.712607254739105
2019-06-04,111.665405639576,15.936053127105776
2019-06-05,111.717308246426,4.648047132658206
2019-06-06,111.731876612235,1.3040383838158753
2019-06-07,111.713542171392,-1.6409319702581637
2019-06-10,111.76414175465,4.529404607040988
2019-06-11,111.786750774974,2.022922555395823
2019-06-12,111.769244919914,-1.5660044628396097
2019-06-13,111.644412306644,-11.168780227462927
2019-06-14,111.910678633972,23.84949876368836
2019-06-17,111.927809555087,1.5307673337439098
2019-06-18,111.777710260112,-13.410366518530337
2019-06-19,111.908885894498,11.735401814971791
2019-06-21,111.815094518975,-8.381048097594324
2019-06-24,111.598779029369,-19.345821826345365
2019-06-25,111.76715293181,15.087432309335291
2019-06-26,111.660754448034,-9.519655908289959
2019-06-27,111.430913068619,-20.583899916416513
2019-06-28,111.280986191373,-13.454693416510288
2019-07-01,111.564847205915,25.50849199465466
2019-07-02,111.483028597751,-7.333726546766561
2019-07-03,111.781008662796,26.72873788889918
2019-07-04,111.642997936839,-12.346527161275489
2019-07-05,111.553316289625,-8.032894930386503
2019-07-08,111.685091434877,11.812750139124084
2019-07-09,111.820871761219,12.157426259633564
2019-07-10,111.59871970448,-19.866779183529417
2019-07-11,111.622187981785,2.102916356669926
2019-07-12,111.792172455827,15.228555999076132
2019-07-15,111.765799143684,-2.359137635813413
2019-07-16,111.812034537836,4.136810590200657
2019-07-17,111.741381112136,-6.318946434705763
2019-07-18,111.913138337261,15.370959568921094
2019-07-19,111.913086368329,-0.004643684626826072
2019-07-22,111.953603509476,3.6204113800986093
2019-07-23,112.19719834584,21.75855253675474
2019-07-24,112.288142003908,8.105697772211595
2019-07-25,112.3097670531,1.9258533275268164
2019-07-26,112.481414688399,15.283411211941544
2019-07-29,112.672673332661,17.003577416929705
2019-07-30,112.712322004533,3.5189252814582517
2019-07-31,113.027959943649,28.003853838030057
2019-08-01,113.250827829916,19.717942921213538
2019-08-02,113.084108093148,-14.721281951103338
2019-08-05,113.257677518102,15.34870176550518
2019-08-06,113.262222304775,0.40127846275828105
2019-08-07,112.984834005392,-24.490804942585154
2019-08-08,112.608194129867,-33.33543646282911
2019-08-09,112.722705676804,10.169024361135204
2019-08-12,112.733544008599,0.9615038718169266
2019-08-13,112.709965936532,-2.0914868129395803
2019-08-14,112.561767505209,-13.14865372299412
2019-08-15,112.435904282734,-11.181702745488575
2019-08-19,112.107986134023,-29.164896284945563
2019-08-20,112.164601372964,5.05006296994015
2019-08-21,112.127361351905,-3.3201224453316414
2019-08-22,112.387487813718,23.19919586768915
2019-08-23,112.398739038631,1.001110099698721
2019-08-26,112.428012070357,2.6043914706130877
2019-08-27,112.102962137154,-28.91182786364577
2019-08-28,112.371132005375,23.92174685740267
2019-08-29,112.346646805669,-2.178958178051804
2019-08-30,112.142329537338,-18.186325461445605
2019-09-02,111.942029775709,-17.86120927355195
2019-09-03,112.119074891185,15.815785708972463
2019-09-04,112.185625385618,5.935697783592264
2019-09-05,111.844238029951,-30.43057918459158
2019-09-06,112.070078945468,20.19244974037271
2019-09-09,112.073807215766,0.3326731214148282
2019-09-10,111.858836917741,-19.18113637481178
2019-09-11,111.70046183052,-14.15847791600644
2019-09-12,111.696368730212,-0.3664353970356249
2019-09-13,111.542856914142,-13.743671151994485
2019-09-16,111.456586242957,-7.734307114924954
2019-09-17,111.406291990363,-4.5124522730644046
2019-09-18,111.355014854173,-4.60271455713035
2019-09-19,111.264325658209,-8.144150138434947
2019-09-20,111.363847969414,8.94467392097642
2019-09-23,111.439520099916,6.795035541766747
2019-09-25,111.319401052006,-10.77885545471613
2019-09-26,110.881441268708,-39.34262843306114
2019-09-27,110.791426715239,-8.118090136550737
2019-09-30,110.73988578482,-4.65206848102695
2019-10-01,110.691766938473,-4.345213651431035
2019-10-02,110.614283636479,-6.999915543588475
2019-10-03,110.297659975203,-28.62412076152343
2019-10-04,110.347218436661,4.493156198339676
2019-10-07,110.503817997678,14.191527728166786
2019-10-08,110.37180245171,-11.946695449995826
2019-10-09,110.495241358695,11.183916928330095
2019-10-10,110.163344765591,-30.037184318786323
2019-10-11,109.801716787162,-32.82652493880711
2019-10-14,109.342889603515,-41.7868861318782
2019-10-15,109.223999283317,-10.873164284308512
2019-10-16,109.145918629218,-7.148671959581465
2019-10-17,109.027042487178,-10.891487609705486
2019-10-18,109.121685064154,8.680651590373678
2019-10-21,109.338532329944,19.872059862575675
2019-10-22,109.125360058349,-19.49653677001284
2019-10-23,109.402578820263,25.40369734090886
2019-10-24,109.342180031642,-5.520782898567056
2019-10-25,109.563272857737,20.220268704265187
2019-10-28,109.470681067304,-8.450988001538207
2019-10-29,109.161774498394,-28.218201065186577
2019-10-30,109.520508767408,32.86262711122312
2019-10-31,109.514271780413,-0.5694811926282295
2019-11-01,109.242950898257,-24.77493369083539
2019-11-05,109.289193370976,4.232993739070601
2019-11-06,108.690277801569,-54.80098726449722
2019-11-07,108.704705951155,1.3274553969178093
2019-11-08,109.290885153727,53.92399505090406
2019-11-11,109.475987190918,16.936639952236376
2019-11-12,109.626992608112,13.793473899501585
2019-11-13,109.943194574436,28.843440725803138
2019-11-14,110.115848753802,15.703944208125264
2019-11-15,110.275288618161,14.479283968966694
2019-11-18,110.449205417328,15.771148853593875
2019-11-19,110.278766051441,-15.43147053371774
2019-11-20,110.35043149125,6.498571064494918
2019-11-21,110.272580683779,-7.0548711426821065
2019-11-22,109.899207274203,-33.85913408943453
2019-11-25,110.254497061479,32.32869427252094
2019-11-26,110.524961331366,24.53090595807561
2019-11-27,111.028735679398,45.58014243693176
2019-11-28,111.175962242299,13.260221509332482
2019-11-29,110.759603084891,-37.4504658210717
2019-12-02,110.600423779067,-14.371603128804367
2019-12-03,110.547825659668,-4.755688776026945
2019-12-04,109.928515898699,-56.02188530379637
2019-12-05,109.797498397888,-11.918427146940802
2019-12-06,109.805879951121,0.7633646809157568
2019-12-09,109.734366359615,-6.5127287844546355
2019-12-10,109.73189750301,-0.22498481441091123
2019-12-11,109.562849208897,-15.405574674252076
2019-12-12,109.886292268309,29.521234775056193
2019-12-13,109.745484726511,-12.813931464190631
2019-12-16,109.767343451461,1.991765310844773
2019-12-17,109.952810268524,16.896356532944967
2019-12-18,109.628434894033,-29.501326405283468
2019-12-19,109.344895293049,-25.86369140981204
2019-12-20,109.448030685745,9.43211774263375
2019-12-23,109.577624335717,11.840656168964347
2019-12-24,109.488558855194,-8.12807186347908
2019-12-26,109.931790874769,40.48203978656906
2019-12-27,109.785974302481,-13.264276978269818
2019-12-30,109.818587031252,2.9705733339979723
2019-12-31,110.214429505008,36.04512537056736
2020-01-02,110.0109226272,-18.46463105801832
2020-01-03,110.08374288739,6.619366372988544
2020-01-07,110.139094932288,5.028176136292473
2020-01-08,110.501959568739,32.94603398312557
2020-01-09,110.321004736157,-16.375712547381795
2020-01-10,110.291221502413,-2.6996884061403215
2020-01-13,110.069730993333,-20.08233348609334
2020-01-14,110.226786806183,14.268755945221478
2020-01-15,109.919835029497,-27.8472942539576
2020-01-16,110.055006441023,12.297272051922103
2020-01-17,110.162223407542,9.74212532316443
2020-01-20,110.161358016751,-0.07855603892492624
2020-01-22,110.186807578647,2.3102077129566467
2020-01-23,110.297109030579,10.01040454441604
2020-01-24,110.376912725352,7.235338756783616
2020-01-27,110.365373863692,-1.045405363775398
2020-01-28,110.363985145764,-0.1258291327599359
2020-01-29,110.673285838833,28.025509649771685
2020-01-30,110.665237051035,-0.7272566037042072
2020-01-31,110.672913294527,0.6936454207795428
2020-02-03,110.630300155786,-3.8503674903356266
2020-02-04,110.503350585011,-11.475117630181941
2020-02-05,110.19267965207,-28.114164077043256
2020-02-06,110.625754380552,39.30158789580362
2020-02-07,110.756326807043,11.80307670868741
2020-02-10,110.499658785354,-23.174118272824007
2020-02-11,110.4600320501,-3.5861409609394546
2020-02-12,110.505780711852,4.1416484227752015
2020-02-13,110.161806228258,-31.127284145516796
2020-02-14,109.644022021698,-47.00215295010079
2020-02-17,109.791378002247,13.439490619910899
2020-02-18,109.65043643769,-12.83721610217059
2020-02-19,109.418829612384,-21.12228941629546
2020-02-20,109.242469708914,-16.117875149529446
2020-02-21,109.28399383265,3.8010971233659596
2020-02-24,109.085544650919,-18.15903452749734
2020-02-25,109.004034874392,-7.472096948119011
2020-02-26,109.062025558365,5.320049302743879
2020-02-28,109.119240224465,5.246066704436281
2020-03-02,108.999659699215,-10.95870215041983
2020-03-03,108.965299480727,-3.1523234643870968
2020-03-04,109.064698611995,9.122090403246297
2020-03-05,109.030771922324,-3.110693936970721
2020-03-06,108.759111741362,-24.915918338681564
2020-03-09,108.783850286592,2.274618175333032
2020-03-10,108.897639191755,10.460091719792786
2020-03-11,108.870490184839,-2.4930758019647836
2020-03-12,108.759980516212,-10.150562235862193
2020-03-13,108.468896743655,-26.76386766303329
2020-03-16,108.679323407001,19.399723760746834
2020-03-17,108.026744738303,-60.046257948636054
2020-03-18,108.236331950117,19.401418817326377
2020-03-19,108.292487314103,5.188217576688192
2020-03-20,108.360584585817,6.288272935912609
2020-03-23,108.44329838485,7.633199779160105
2020-03-24,108.289380119164,-14.193432695099872
2020-03-25,108.288835875544,-0.050258263497582334
2020-03-26,108.241980475193,-4.326891130757016
2020-03-27,108.319212908652,7.135164482388046
2020-03-30,108.319297169615,0.007778948971637334
2020-03-31,108.218663331458,-9.290481085694191
2020-04-01,108.486126561604,24.71507426836217
2020-04-02,108.493478369984,0.6776726769608388
2020-04-03,108.577009850422,7.699216735694847
2020-04-06,108.615380922548,3.5339960253888414
2020-04-07,108.619063777344,0.33907304515468084
2020-04-08,108.648239277791,2.686038659549528
2020-04-09,108.484401112086,-15.079688984752648
2020-04-13,108.345209079197,-12.83060342889164
2020-04-14,108.34349615383,-0.15809885656747902
2020-04-15,108.221556384743,-11.25492285331764
2020-04-16,108.639403640394,38.61035357553888
2020-04-17,108.591531468069,-4.406520168636074
2020-04-20,108.652490120669,5.613573340010891
2020-04-21,108.248530928292,-37.179009144509
2020-04-22,108.309197514104,5.604379596817477
2020-04-23,108.249912798153,-5.473654806026351
2020-04-24,108.772563655004,48.28187324506628
2020-04-27,108.747887300095,-2.2686194091436906
2020-04-28,108.415379244588,-30.576047384666126
2020-04-29,108.44360447129,2.6034338392455503
2020-04-30,108.384274853607,-5.471011220280486
2020-05-01,108.415234312555,2.856453022344052
2020-05-05,108.559770541161,13.331726811502964
2020-05-06,108.719119348761,14.678439978792479
2020-05-07,108.703232893291,-1.4612384247736365
2020-05-08,108.869937348585,15.335740332362846
2020-05-11,108.781843427801,-8.091666343293946
2020-05-12,108.67787561596,-9.557460010317653
2020-05-13,108.515504227915,-14.940611152428618
2020-05-14,108.52621318422,0.9868595627127164
2020-05-15,108.44633263818599,-7.3604840425423035
2020-05-18,108.363083717671,-7.676508600132914
2020-05-19,108.31368611179,-4.558527146542035
2020-05-20,108.326357299848,1.169860293086522
2020-05-21,108.204797089477,-11.221665105429768
2020-05-22,108.397855721085,17.841966049652047
2020-05-25,108.381781671205,-1.482875262897032
2020-05-26,108.242742785597,-12.828621514066052
2020-05-27,108.285883982808,3.9855971957813985
2020-05-28,108.260865274542,-2.3104311795596466
2020-05-29,108.519245055227,23.866406390691264
2020-06-01,108.34928432203,-15.661805711097987
2020-06-02,108.625806902909,25.52140354311394
2020-06-03,108.530090476089,-8.811573377360826
2020-06-04,108.767181486139,21.84564750752127
2020-06-05,108.834915005948,6.227385768715621
2020-06-08,109.312231963239,43.856969729327844
2020-06-09,109.211118682004,-9.24995121030947
2020-06-10,109.062974523206,-13.564933734390161
2020-06-12,108.802791450505,-23.85622378616059
2020-06-15,108.787682719315,-1.3886345183400373
2020-06-16,108.640558162154,-13.524008737331172
2020-06-17,108.6140545927,-2.439564919616277
2020-06-18,108.616575255654,0.23207521010482068
2020-06-19,108.555414220872,-5.6309117312935975
2020-06-22,108.662355744819,9.851330282744097
2020-06-23,108.666751488861,0.404532371112154
2020-06-24,108.600826272702,-6.066732947820341
2020-06-25,108.588911697031,-1.0970980682123432
2020-06-26,108.619613817789,2.827371623694841
2020-06-29,108.463996965585,-14.326772737845994
2020-06-30,108.347875709265,-10.705972448797896
2020-07-01,108.439697792792,8.47474700596873
2020-07-02,107.83007664367,-56.21752564147431
2020-07-03,107.03138813782,-74.06917723793316
2020-07-06,106.976957827818,-5.085453057183109
2020-07-07,107.849722212123,81.58433386278752
2020-07-08,107.923185715342,6.81165437538267
2020-07-09,107.222322442068,-64.94093633620079
2020-07-10,108.089507942882,80.87732862553266
2020-07-13,107.890431447115,-18.417744659563475
2020-07-14,107.062734927484,-76.7163972309004
2020-07-15,107.097363005336,3.2343726204508982
2020-07-16,107.367208411686,25.196269896630152
2020-07-17,107.248411369218,-11.064555391295805
2020-07-20,107.115551298904,-12.388068841096
2020-07-21,107.286033358094,15.915715050027757
2020-07-22,107.19229465168,-8.737270218680537
2020-07-23,107.434682944187,22.612473526630872
2020-07-24,108.195425576063,70.8097805129837
2020-07-27,108.006558768353,-17.456080671102157
2020-07-28,108.647509893573,59.34372250435915
2020-07-29,108.727983824074,7.406882180718277
2020-07-30,108.839503490312,10.256758408988542
2020-07-31,109.166150428372,30.011799722062804
2020-08-03,108.996873082838,-15.506395056504862
2020-08-04,109.214109638538,19.93053099192288
2020-08-05,109.548566817263,30.623989870166568
2020-08-06,110.070772123577,47.66883962846302
2020-08-07,109.957609590756,-10.280888435484359
2020-08-10,110.538160055852,52.797661503984905
2020-08-11,110.49258109206,-4.123369139578115
2020-08-12,110.75411103858,23.669457617441214
2020-08-13,110.436439568429,-28.682589492353692
2020-08-14,110.635152108376,17.993385219909896
2020-08-17,110.697411918,5.627488952426596
2020-08-18,110.643558101602,-4.864957135393144
2020-08-19,112.082921113966,130.09008721883708
2020-08-20,111.867794153463,-19.193554054882654
2020-08-21,111.887532207325,1.7644089625057369
2020-08-24,111.824389202719,-5.643435274717001
2020-08-25,112.284639360511,41.15829838852392
2020-08-26,112.260219302238,-2.174835169981293
2020-08-27,112.188895800424,-6.353408380752601
2020-08-28,112.164621054775,-2.163738708347296
2020-08-31,111.619328695217,-48.61536145980505
2020-09-01,111.533065757653,-7.728315388775275
2020-09-02,111.47736144265,-4.994421575754693
2020-09-03,111.872318372605,35.42933962948025
2020-09-04,111.421513448673,-40.29637809333075
2020-09-07,111.619491210607,17.768360508332304
2020-09-08,111.707761656578,7.9081569906502835
2020-09-09,111.931707800739,20.0475008038814
2020-09-10,111.859533217175,-6.448090981734378
2020-09-11,112.135740769355,24.692356944109317
2020-09-14,112.100503657821,-3.1423622203097246
2020-09-15,112.141748831011,3.6793031114212837
2020-09-16,112.067938069315,-6.581916410740574
2020-09-17,112.031412751455,-3.259212089493646
2020-09-18,112.090836865529,5.304236786323191
2020-09-21,112.167652784144,6.853006076414925
2020-09-22,112.311156412964,12.793673154252172
2020-09-23,112.012987100904,-26.548503424150827
2020-09-25,112.209953881464,17.58428068546758
2020-09-28,112.027463963718,-16.263255748129033
2020-09-29,112.044261413711,1.4994046458483012
2020-09-30,112.044637302961,0.03354828219226391
2020-10-01,112.058434704889,1.2314201072105568
2020-10-02,112.244442873369,16.59921173893464
2020-10-05,112.246153940655,0.15244115808332737
2020-10-06,112.323610181187,6.90056966877739
2020-10-07,112.179590044864,-12.82189346395457
2020-10-08,112.545530614991,32.620958053122266
2020-10-09,112.691103440479,12.934571874381184
2020-10-12,112.662674468338,-2.5227343839095973
2020-10-13,112.898434775149,20.926212512135667
2020-10-14,113.042559496977,12.765874222706586
2020-10-15,113.054523171759,1.058333678503054
2020-10-16,113.243655691058,16.7293190924922
2020-10-19,113.189313968805,-4.798654893414245
2020-10-20,113.150948762002,-3.389472509177649
2020-10-21,113.270858815497,10.59735289955066
2020-10-22,113.490006230517,19.347201682029525
2020-10-23,113.557450567591,5.942755605901073
2020-10-26,113.870329740877,27.552500670113833
2020-10-27,114.056657363717,16.363140711368462
2020-10-28,114.057394555322,0.06463380762156135
2020-10-29,114.146729696373,7.832472537119273
2020-10-30,114.376527323445,20.131774925418178
2020-11-02,114.442323433397,5.752588532954572
2020-11-03,114.935926017566,43.13112224222593
2020-11-04,114.725667565946,-18.293536138376254
2020-11-05,115.217435634335,42.86469443346874
2020-11-06,114.680468898711,-46.604642141852004
2020-11-10,115.361576963125,59.39181021448192
2020-11-11,114.970696262156,-33.88309272973511
2020-11-12,115.663715469328,60.27789947377293
2020-11-13,116.112163208266,38.77168713786627
2020-11-16,116.046228137003,-5.67856712347492
2020-11-17,115.780452073092,-22.9026025384671
2020-11-18,115.905562430892,10.805827370672372
2020-11-19,115.96816986611,5.401590217495311
2020-11-20,115.812336917962,-13.437562076552556
2020-11-23,115.649516285222,-14.059005894625498
2020-11-24,116.331292611318,58.95193927266895
2020-11-25,116.400774373361,5.97274907579326
2020-11-26,116.31738411987,-7.164063464347725
2020-11-27,116.5135485217,16.864581619875363
2020-11-30,116.207134056846,-26.298612370984074
2020-12-01,116.395826641235,16.237607606490734
2020-12-02,117.464125639584,91.78155516192055
2020-12-03,116.848764923323,-52.38711929369089
2020-12-04,116.744267306734,-8.94297998421889
2020-12-07,117.008633054954,22.644859085492186
2020-12-08,117.42561150019,35.636553846429834
2020-12-09,117.366139271449,-5.064672687772331
2020-12-10,117.384821659559,1.5918039245366167
2020-12-11,117.844458669904,39.156426175612765
2020-12-14,116.917653251503,-78.64649970492854
2020-12-15,117.533172663173,52.64554962850276
2020-12-16,117.643745981097,9.407839116271077
2020-12-17,117.613432484629,-2.5767197580450762
2020-12-18,117.679927687188,5.653708182327133
2020-12-21,117.856472694033,15.002134205444051
2020-12-22,118.058449777487,17.137546953263083
2020-12-23,117.882762457641,-14.881384617292381
2020-12-24,118.114132181561,19.627104005401907
2020-12-28,117.87938439533,-19.874656986019758
2020-12-29,117.774084210325,-8.932875374701998
2020-12-30,117.78393801191,0.8366697691664093
2020-12-31,117.635740165048,-12.5821779576607
2021-01-05,117.574516024984,-5.204552628146342
2021-01-06,117.2483759599,-27.739009788031453
2021-01-07,117.508485487815,22.18448876459833
2021-01-08,117.745020819698,20.129212873527536
2021-01-11,117.901508022377,13.29034566299292
2021-01-12,118.241489228868,28.83603544973079
2021-01-13,118.17809110442,-5.361749489241063
2021-01-14,118.512004318547,28.255086116761863
2021-01-15,118.351307866761,-13.559508398327536
2021-01-18,118.233651299247,-9.941298464268833
2021-01-19,118.319323954265,7.246046626874225
2021-01-20,118.24040354986,-6.670119619303083
2021-01-22,118.561624519435,27.166768712822975
2021-01-26,118.568683931644,0.595421346292202
2021-01-27,118.089773228174,-40.39099428193915
2021-01-28,117.966177357884,-10.466263666302211
2021-01-29,117.812744423991,-13.006519099751923
2021-02-01,117.88097561213,5.791494670002173
2021-02-02,118.042783289471,13.72636055146037
2021-02-03,117.783008041086,-22.006872520784484
2021-02-04,117.804070067547,1.788205855095537
2021-02-05,117.875936987679,6.100546448928323
2021-02-08,118.057035551893,15.363488837669692
2021-02-09,118.007016943419,-4.236817250252711
2021-02-10,118.167593469229,13.607370982609002
2021-02-11,117.627213836473,-45.72993465392972
2021-02-12,118.152994875491,44.69892823857569
2021-02-15,118.106279815122,-3.953777085230481
2021-02-16,118.259819773298,13.000151932340831
2021-02-17,118.269431441799,0.812758595389873
2021-02-18,118.280143125607,0.9057018096236824
2021-02-19,118.289473266771,0.788817202739267
2021-02-22,118.337448864368,4.055779121512337
2021-02-23,118.382669427566,3.821323142585431
2021-02-24,118.234550456534,-12.511879631387224
2021-02-25,118.019788162226,-18.16408938662528
2021-02-26,117.950136748859,-5.90167246117046
2021-03-01,118.033127044177,7.036049097144392
2021-03-02,118.019445693332,-1.1591111061448611
2021-03-03,117.804738087442,-18.192561795952187
2021-03-04,117.751794339868,-4.494195092111797
2021-03-05,117.447311646196,-25.858008820924816
2021-03-08,117.487005799021,3.3797412872749177
2021-03-09,117.447733260158,-3.342713400168451
2021-03-10,117.349168293745,-8.392240844247167
2021-03-11,117.368490303901,1.646540017024023
2021-03-12,117.524553749644,13.296877666135742
2021-03-15,117.508717383148,-1.3474942887037322
2021-03-16,117.525606256679,1.4372443089416542
2021-03-17,117.547895012483,1.8965020912387054
2021-03-18,117.560394054369,1.0633148202843223
2021-03-19,117.708733217832,12.618124042218515
2021-03-22,117.464241234335,-20.770929803869407
2021-03-23,117.353964557984,-9.388106132742768
2021-03-24,117.275287273044,-6.704271580115773
2021-03-25,117.387821093353,9.595697689233074
2021-03-26,117.547916950705,13.638199930867678
2021-03-29,117.808870782808,22.199783617811164
2021-03-30,117.826401713324,1.4880823828899992
2021-03-31,118.06168681177,19.968792649585065
2021-04-01,117.47263295565,-49.89373538759945
2021-04-05,117.416985556099,-4.73705220960019
2021-04-06,117.246215098826,-14.543931311488123
2021-04-07,117.614783020034,31.43537903524951
2021-04-08,117.710432992349,8.132478746205596
2021-04-09,117.291986489832,-35.548803269137565
2021-04-12,117.619955383068,27.96174769061688
2021-04-13,117.723063221694,8.766185830473283
2021-04-14,117.350158979702,-31.67639643302134
2021-04-15,117.643802789092,25.02287273771886
2021-04-16,117.708390407553,5.490099514784408
2021-04-19,118.307065060595,50.860830818360014
2021-04-20,118.150255437647,-13.254459728814227
2021-04-21,118.240313428279,7.622327205167867
2021-04-22,118.529242802643,24.43577541252573
2021-04-23,118.645016547813,9.767525922930176
2021-04-26,118.581486334041,-5.354646627436788
2021-04-27,118.318136326028,-22.20835782671515
2021-04-28,118.324186604199,0.511356784249628
2021-04-29,118.156775735219,-14.148491004633001
2021-04-30,118.385314692034,19.34201025653781
2021-05-03,118.530562862451,12.269103713991036
2021-05-04,118.533327361364,0.2332308938912675
2021-05-05,118.461012176676,-6.100831411536278
2021-05-06,118.439396622087,-1.8246977796165798
2021-05-07,118.252897944942,-15.746337997657456
2021-05-10,118.359391680656,9.005592045920885
2021-05-11,118.32930367357,-2.542088689267974
2021-05-12,118.007348264347,-27.208425912076393
2021-05-13,117.923143867396,-7.135521489930463
2021-05-14,117.965367330921,3.5805917430820067
2021-05-17,118.341264485076,31.865043330938647
2021-05-18,118.158292353097,-15.461397406487665
2021-05-19,118.386089769726,19.27900379164793
2021-05-20,118.252518466998,-11.282685574615092
2021-05-21,118.172691082323,-6.750586432311412
2021-05-24,118.300630178144,10.826451919578872
2021-05-25,118.18414628528,-9.846430461832867
2021-05-26,118.849681980208,56.31344946398276
2021-05-27,118.814392940713,-2.9692161482497426
2021-05-28,118.795857984472,-1.5599925044651464
2021-05-31,118.971425158931,14.778896961369359
2021-06-01,119.308756191471,28.353954076734134
2021-06-02,119.905728460182,50.035914191659536
2021-06-04,120.310938974374,33.79409135790823
2021-06-07,119.944330993153,-30.47170808791355
2021-06-08,120.004476534195,5.01445466775996
2021-06-09,120.166164822604,13.473521411755396
2021-06-10,120.102670222367,-5.283900033818956
2021-06-11,119.870064000588,-19.367281455802132
2021-06-14,119.753658443189,-9.710978163691708
2021-06-15,119.960363087177,17.260820811253463
2021-06-16,119.914467442274,-3.8259007993868277
2021-06-17,120.067183747643,12.735436234374564
2021-06-18,119.893073475909,-14.501070675558836
2021-06-21,119.728516112742,-13.72534362463207
2021-06-22,119.892648406562,13.70870525660317
2021-06-23,119.942040182861,4.119666798210186
2021-06-24,120.30477357966,30.242390094914473
2021-06-25,120.521982884586,18.054919889123333
2021-06-28,120.745793190466,18.570081616922085
2021-06-29,120.808951279413,5.230665787865352
2021-06-30,121.038386441831,18.99156974613181
2021-07-01,120.737314529124,-24.87408511940736
2021-07-02,120.910193070388,14.318567705289276
2021-07-05,121.191569903914,23.271556051704945
2021-07-06,121.199275602794,0.6358279611462514
2021-07-07,121.51779090946,26.280297888072734
2021-07-08,121.613817403327,7.902258027265852
2021-07-09,121.366184999511,-20.36219313753973
2021-07-12,121.671163568214,25.128792563120506
2021-07-13,121.884242939316,17.51272568232931
2021-07-14,122.395398283063,41.93777074215532
2021-07-15,122.386634987177,-0.7159824641223
2021-07-16,121.909059614437,-39.02185665861646
2021-07-19,122.112309451475,16.672250420175505
2021-07-20,122.446238938803,27.346095477844834
2021-07-21,122.327792692146,-9.673326652049896
2021-07-22,122.083022984209,-20.009329241557072
2021-07-23,122.703051111342,50.78741597127845
2021-07-26,123.453484265206,61.15847544679642
2021-07-27,123.715843951365,21.251703645350783
2021-07-28,123.834897710999,9.62316190324053
2021-07-29,124.223815570442,31.40615986542361
2021-07-30,124.385690122603,13.03087909654499
2021-08-02,124.727649291974,27.491841628561886
2021-08-03,125.24488392185,41.46912355136312
2021-08-04,125.487138774008,19.342494844671876
2021-08-05,125.84899250969,28.835922088690236
2021-08-06,126.24941588648,31.817765784589724
2021-08-09,126.422522853088,13.711506337872326
2021-08-10,126.167477487134,-20.174044956402515
2021-08-11,126.105797819936,-4.888713670627709
2021-08-12,126.094179654363,-0.9213030466359573
2021-08-13,126.322653622073,18.119311163788954
2021-08-17,126.286285959128,-2.8789502042769755
2021-08-18,126.234436037156,-4.10574446609191
2021-08-19,126.779445965008,43.17442569249374
2021-08-20,127.226284485008,35.2453441170053
2021-08-23,126.732402542882,-38.81917515120015
2021-08-24,126.705245881244,-2.14283490986511
2021-08-25,127.144471644191,34.66516006437992
2021-08-26,126.94294202241,-15.850443135662085
2021-08-27,128.088218548613,90.21978756415194
2021-08-30,127.744122968496,-26.863952361584342
2021-08-31,128.294217194285,43.062194409106965
2021-09-01,128.164420247315,-10.11713152849647
2021-09-02,129.307437677899,89.18367737148492
2021-09-03,129.747119298542,34.00280977945202
2021-09-06,130.50659977891,58.5354406690497
2021-09-07,130.69004833343,14.05664961241948
2021-09-08,131.735763916336,80.0149358150093
2021-09-09,131.207720072979,-40.083560276946706
2021-09-10,131.956325938978,57.055016700438
2021-09-13,131.40047554087,-42.123815902928015
2021-09-14,131.630990671561,17.542944935484694
2021-09-15,131.787537249969,11.892835996245577
2021-09-16,131.830226083869,3.2392163015404485
2021-09-17,131.229287905785,-45.58424846375586
2021-09-20,130.767916948164,-35.157621060341036
2021-09-21,130.564709289314,-15.539565330120464
2021-09-22,130.178782991383,-29.558239744236214
2021-09-23,130.068448676012,-8.475598929075234
2021-09-27,130.050050948983,-1.4144650156333594
2021-09-28,130.114890143527,4.985710814480182
2021-09-29,129.515549063791,-46.06245135163722
2021-09-30,129.337456696234,-13.75065533400166
