{
  "hash": "40777f2cba5bca41531f7008934bd098",
  "result": {
    "engine": "jupyter",
    "markdown": "---\ntitle: Data Extract\ndescription: Extracción, transformación y almacenamiento de las fuentes de datos para ser analizadas por Data-Screening\nauthors: Ian Contreras\n---\n\n::: {#importing-libraries .cell execution_count=1}\n``` {}\n#| label: importing-libraries\nimport pandas as pd\nimport os\n```\n:::\n\n\n::: {#irp .cell execution_count=2}\n``` {}\n#| label: irp\nprint(\"Current Working Directory:\", os.getcwd())\ndf = pd.read_excel(r\"..\\\\data\\\\inputs\\\\historico_gobix_dr.xlsx\",\n                   sheet_name=\"Indice Retorno Precio\")\ndf = df.rename(columns={'Fecha': 'date', 'Valor': 'irp'})\ndf['date'] = pd.to_datetime(df['date'])\ndf = df.set_index('date')\ndf[\"price_return\"] = df[\"irp\"].pct_change()\ndf = df.dropna()\ndf = df[df.index <= '2021-09-30']\ndf['price_return'] = df['price_return'] * 10_000\ndf.to_csv('..\\\\data\\\\csv\\\\irp.csv')\n```\n\n::: {.cell-output .cell-output-stdout}\n```\nCurrent Working Directory: C:\\Users\\contr\\OneDrive - INTEC\\TRI 9\\ECONOM\\fixed_income_garch\\notebooks\n```\n:::\n:::\n\n\n",
    "supporting": [
      "data-extract_files\\figure-html"
    ],
    "filters": [],
    "includes": {}
  }
}